{"cameraMode":{"drawMode":0,"name":"Shaded","section":"Shading Mode"},"sceneLighting":false,"audioPlay":false,"sceneViewState":{"m_AlwaysRefresh":false,"showFog":true,"showSkybox":false,"showFlares":true,"showImageEffects":true,"showParticleSystems":true,"showVisualEffectGraphs":true,"m_FxEnabled":true},"in2DMode":false,"pivot":{"x":0.013149440288543702,"y":-0.09320371598005295,"z":0.03074464201927185},"rotation":{"x":0.1599925309419632,"y":-0.1386045515537262,"z":0.02306721732020378,"w":0.9768028259277344},"size":0.45186522603034975,"orthographic":false}