{"cameraMode":{"drawMode":0,"name":"Shaded","section":"Shading Mode"},"sceneLighting":true,"audioPlay":false,"sceneViewState":{"m_AlwaysRefresh":false,"showFog":true,"showSkybox":true,"showFlares":true,"showImageEffects":true,"showParticleSystems":true,"showVisualEffectGraphs":true,"m_FxEnabled":true},"in2DMode":false,"pivot":{"x":-0.29321593046188357,"y":0.7796985507011414,"z":2.2804720401763918},"rotation":{"x":-0.1100577712059021,"y":-0.35265806317329409,"z":0.041145652532577518,"w":-0.9271205067634583},"size":0.8660253882408142,"orthographic":false}