<?xml version="1.0" encoding="utf-8"?>
<COLLADA xmlns="http://www.collada.org/2005/11/COLLADASchema" version="1.4.1" xmlns:xsi="http://www.w3.org/2001/XMLSchema-instance">
  <asset>
    <contributor>
      <author>Ziella</author>
      <authoring_tool>OpenCOLLADA for 3ds Max;  Version: 1.6;  Revision: 68</authoring_tool>
    </contributor>
    <created>2020-10-04T21:04:05</created>
    <modified>2020-10-04T21:04:05</modified>
    <unit name="centimeter" meter="0.01"/>
    <up_axis>Z_UP</up_axis>
  </asset>
  <library_effects>
    <effect id="def_horn_001">
      <profile_COMMON>
        <newparam sid="def_horn_001_col_png-surface">
          <surface type="2D">
            <init_from>def_horn_001_col_png</init_from>
          </surface>
        </newparam>
        <newparam sid="def_horn_001_col_png-sampler">
          <sampler2D>
            <source>def_horn_001_col_png-surface</source>
          </sampler2D>
        </newparam>
        <technique sid="common">
          <blinn>
            <emission>
              <color>0 0 0 1</color>
            </emission>
            <ambient>
              <color>0.588 0.588 0.588 1</color>
            </ambient>
            <diffuse>
              <texture texture="def_horn_001_col_png-sampler" texcoord="CHANNEL1"/>
            </diffuse>
            <specular>
              <color>0 0 0 1</color>
            </specular>
            <shininess>
              <float>10</float>
            </shininess>
            <reflective>
              <color>0 0 0 1</color>
            </reflective>
            <transparent opaque="A_ONE">
              <texture texture="def_horn_001_col_png-sampler" texcoord="CHANNEL1"/>
            </transparent>
            <transparency>
              <float>1</float>
            </transparency>
          </blinn>
        </technique>
      </profile_COMMON>
      <extra>
        <technique profile="OpenCOLLADA3dsMax">
          <extended_shader>
            <opacity_type sid="opacity_type" type="int">0</opacity_type>
            <falloff_type sid="falloff_type" type="int">0</falloff_type>
            <falloff sid="falloff" type="float">0</falloff>
            <index_of_refraction sid="index_of_refraction" type="float">1.5</index_of_refraction>
            <wire_size sid="wire_size" type="float">1</wire_size>
            <wire_units sid="wire_units" type="int">0</wire_units>
            <apply_reflection_dimming sid="apply_reflection_dimming" type="bool">0</apply_reflection_dimming>
            <dim_level sid="dim_level" type="float">0</dim_level>
            <reflection_level sid="reflection_level" type="float">3</reflection_level>
          </extended_shader>
          <shader>
            <ambient_diffuse_texture_lock sid="ambient_diffuse_texture_lock" type="bool">1</ambient_diffuse_texture_lock>
            <ambient_diffuse_lock sid="ambient_diffuse_lock" type="bool">1</ambient_diffuse_lock>
            <diffuse_specular_lock sid="diffuse_specular_lock" type="bool">0</diffuse_specular_lock>
            <use_self_illum_color sid="use_self_illum_color" type="bool">0</use_self_illum_color>
            <self_illumination sid="self_illumination" type="float">0</self_illumination>
            <specular_level sid="specular_level" type="float">0</specular_level>
            <soften sid="soften" type="float">0.1</soften>
          </shader>
        </technique>
      </extra>
    </effect>
  </library_effects>
  <library_materials>
    <material id="def_horn_001-material" name="def_horn_001">
      <instance_effect url="#def_horn_001"/>
    </material>
  </library_materials>
  <library_geometries>
    <geometry id="geom-horn_VIS_O_OBJShape" name="horn_VIS_O_OBJShape">
      <mesh>
        <source id="geom-horn_VIS_O_OBJShape-positions">
          <float_array id="geom-horn_VIS_O_OBJShape-positions-array" count="1728">0.165831 -0.398474 2.63233 0 -7.15e-4 0.451982 0 -0.431427 2.6316 0.303933 -0.306242 2.63179 0.39688 -0.169734 2.63259 0.43173 -0.004664 2.63308 0.172932 0.395559 2.6328 0 0.431662 2.63256 0.292046 -1.43021 4.47669 0.296057 -1.43975 4.43139 0.558852 -1.34393 4.47669 0.564422 -1.35661 4.43139 0.280415 -1.38945 4.49165 0.544946 -1.31079 4.49165 0.201428 0.112164 -1.6514 0.270185 0.270196 -1.6514 0.351357 0.146075 -1.6514 0.203604 -0.103749 -1.6514 0.270185 -0.270197 -1.6514 0.112355 -0.1911 -1.6514 0.50997 1.16747 4.18484 0.299411 1.44071 4.43139 0.588583 1.34736 4.43139 0 1.27323 4.18361 0.29846 1.42894 4.47669 0.585571 1.33862 4.47669 0.292524 1.39838 4.49165 0.57291 1.31195 4.49165 0.292524 1.39838 4.49165 0.51926 1.18902 4.42387 0.57291 1.31195 4.49165 0 1.29538 4.42251 0.917541 0.881108 4.18145 0.85152 1.20075 4.43139 1.05935 1.01738 4.43139 1.18864 0.45668 4.18374 1.24026 0.791167 4.43139 1.37201 0.52709 4.43139 1.27461 -0.01401 4.18611 1.44301 0.276015 4.43139 1.4708 -0.016218 4.43139 1.17097 -0.500512 4.18393 1.44374 -0.293674 4.43139 1.35154 -0.577773 4.43139 0.895602 -0.902481 4.18024 1.22401 -0.816994 4.43139 1.03422 -1.04215 4.43139 0.48896 -1.17516 4.18281 0.81745 -1.22097 4.43139 0 -1.2702 4.17958 0 -1.46684 4.43139 0.827006 1.16443 4.49165 0.932067 0.89467 4.42011 1.02663 0.985171 4.49165 0.631329 -0.269912 3.52582 0.483116 -0.486807 3.52396 0.38059 0.871254 4.07104 0 0.950078 4.06997 0.275017 0.629339 3.52629 0 0.686599 3.52575 0.263697 -0.633699 3.52524 0.667881 -0.673011 4.06701 0.364812 -0.876683 4.06926 0 -0.947588 4.06615 0 -0.685685 3.52353 0.951429 -0.010407 4.07215 0.886905 0.34074 4.07008 0.687047 -0.007487 3.52692 0.640944 0.246103 3.52572 0.873733 -0.373427 4.07026 0.402987 0.154638 2.63255 0.31121 0.298964 2.63205 0.494816 0.475248 3.52459 0.684385 0.657173 4.06808 1.29942 -0.014107 4.42526 1.1918 -0.509115 4.42287 0.844149 1.18983 4.47669 1.054 1.01087 4.47669 1.39635 -0.284958 4.49165 1.42385 -0.017321 4.49165 0.827006 1.16443 4.49165 1.02663 0.985171 4.49165 0 1.42883 4.49165 0 1.45912 4.47669 1.20657 0.764223 4.49165 1.2094 0.464872 4.42266 1.20657 0.764223 4.49165 1.23103 0.78328 4.47669 0 1.42883 4.49165 1.33313 0.512517 4.49165 0 1.46969 4.43139 0 -1.46236 4.47669 0 -1.41653 4.49165 0.497328 -1.19482 4.42164 0.908685 -0.915707 4.41882 1.36315 0.524125 4.47669 1.43361 0.275144 4.47669 1.46219 -0.016178 4.47669 1.40468 0.271802 4.49165 1.42385 -0.017321 4.49165 0 -1.28808 4.41805 0.280415 -1.38945 4.49165 0.789078 -1.17998 4.49165 0.99998 -1.00768 4.49165 0.808443 -1.21015 4.47669 1.02422 -1.03255 4.47669 0.789078 -1.17998 4.49165 0.99998 -1.00768 4.49165 1.40468 0.271802 4.49165 0.925079 0.355275 3.43806 0.714379 0.68611 3.4366 1.18245 -0.792891 4.49165 1.21378 -0.809081 4.47669 1.18245 -0.792891 4.49165 1.43302 -0.291897 4.47669 1.39635 -0.284958 4.49165 1.33313 0.512517 4.49165 1.34273 -0.572122 4.47669 0.991423 -0.01087 3.4396 1.30953 -0.560034 4.49165 1.30953 -0.560034 4.49165 0 0.990931 3.43791 0.396863 0.90829 3.43878 0.532575 0.511537 2.60247 0.295809 0.676972 2.60377 0.21536 0.492958 1.76875 0.11373 0.271051 0.45318 0 0.537898 1.76849 0 0.293998 0.45318 0 0.738672 2.60326 0.38787 0.372551 1.76804 0.210115 0.204862 0.45318 0.689579 0.26481 2.60333 0.502122 0.192867 1.76851 0.273911 0.105549 0.45318 0.20659 -0.496605 1.76831 0 -0.537696 1.76756 0.11064 -0.271477 0.45318 0 -0.29374 0.45318 0.283717 -0.681911 2.60297 0 -0.738212 2.60157 0.520068 -0.524045 2.602 0.378791 -0.381698 1.76778 0.679206 -0.290411 2.60341 0.49458 -0.211467 1.76856 0.544946 -1.31079 4.49165 0.911219 -0.389578 3.43818 0.73888 -0.008104 2.60426 0.537951 -0.005942 1.76903 0.697525 -0.702868 3.43583 0.380603 -0.914738 3.43746 0 -0.990029 3.43511 0 -1.41653 4.49165 0.207028 -0.207881 0.45318 0.269465 -0.116979 0.45318 0.293748 -0.001964 0.45318 0 0.285092 -1.34749 0.131009 0.296535 -1.41363 0 0.327835 -1.41363 0.200779 0.201178 -1.34749 0.151279 0.348467 -1.41363 0 0.386191 -1.41363 0.145076 0.349604 -1.6514 0 0.382115 -1.6514 0.119616 0.195056 -1.6514 0 0.227216 -1.6514 0.145076 0.349604 -1.6514 0 0.382115 -1.6514 0.119616 0.195056 -1.6514 0 -0.00823 -1.38771 0 0.227216 -1.6514 0.201428 0.112164 -1.6514 0.226308 -0.00259 -1.6514 0.226308 -0.00259 -1.6514 0.382105 0 -1.6514 0.353132 0.147579 -1.41363 0.385619 0 -1.41363 0.351357 0.146075 -1.6514 0.382105 0 -1.6514 0.30084 0.122193 -1.41363 0.32773 1.97e-4 -1.41363 0.284647 -2.53e-4 -1.34749 0.301559 -0.132022 -1.41363 0.20158 -0.201592 -1.34749 0.231804 -0.231816 -1.41363 0.349277 -0.148603 -1.41363 0.351426 -0.144496 -1.6514 0.351426 -0.144496 -1.6514 0.203604 -0.103749 -1.6514 0.112355 -0.1911 -1.6514 0 -0.220764 -1.6514 0.150552 -0.349297 -1.6514 0 -0.220764 -1.6514 0 -0.382115 -1.6514 0.160136 -0.352052 -1.41363 0 -0.386191 -1.41363 0.150552 -0.349297 -1.6514 0 -0.382115 -1.6514 0.12778 -0.301096 -1.41363 0 -0.327836 -1.41363 0 -0.285094 -1.34749 0.19462 0.19463 -0.197885 0.10162 0.259748 0.310654 0.197658 0.197669 0.310654 0 0.34496 0.38707 0.12546 0.319169 0.38707 0 0.27951 0.310654 0.260236 0.102765 0.310654 0.243913 0.243924 0.38707 0.318619 0.125872 0.38707 0.255612 -0.113685 0.310654 0.275239 0 -0.197885 0.279552 0 0.310654 0.344949 0 0.38707 0.313133 -0.139333 0.38707 0.101694 -0.260673 0.310654 0.19462 -0.19463 -0.197885 0.197591 -0.197602 0.310654 0.243913 -0.243925 0.38707 0.125018 -0.320314 0.38707 0 0.275249 -0.197885 0 -0.27525 -0.197885 0 -0.279482 0.310654 0 -0.344961 0.38707 0 0.207282 -0.282326 0.14656 0.146571 -0.282326 0.207272 0 -0.282326 0.09926 -0.099271 -0.617858 0.147995 -0.148006 -0.547632 0 -0.14039 -0.617858 0 -0.209311 -0.54763 0.14656 -0.146571 -0.282328 0 -0.207284 -0.282326 0 0.20931 -0.54763 0.147995 0.148005 -0.54763 0.209299 0 -0.54763 0 0.14039 -0.617858 0.09926 0.09927 -0.617858 0.140378 0 -0.617858 0.09914 0.09915 -0.706052 0 0.140219 -0.706052 0.140208 0 -0.706052 0.09914 -0.09915 -0.706052 0 -0.14022 -0.706052 0.14226 -0.142271 -0.808539 0 -0.201202 -0.808539 0.20119 0 -0.808539 0.14226 0.142271 -0.808539 0 0.201201 -0.808539 0.099041 -0.099052 -0.910501 0 -0.140082 -0.910501 0.099041 0.099052 -0.910501 0.14007 0 -0.910501 0.102136 0.102147 -1.01219 0.144486 0 -1.01215 0 0.140081 -0.910501 0 0.144442 -1.0122 0.10216 -0.102171 -1.01215 0 -0.144461 -1.01218 0.133248 -0.133259 -1.02969 0.188444 0 -1.02969 0.181989 0.181998 -1.10462 0.257374 0 -1.10462 0.199289 0.199299 -1.19414 0.281842 0 -1.19414 0.199289 -0.1993 -1.19414 0.182002 -0.182012 -1.10461 0.133248 0.133258 -1.02969 0 0.188454 -1.02969 0 0.257401 -1.10461 0 -0.281853 -1.19414 0 -0.257385 -1.10462 0 -0.188455 -1.02969 0 0.281852 -1.19414 0.226559 0.228884 -1.41363 0.268292 0.270386 -1.41363 0.270185 -0.270197 -1.6514 0.273067 -0.273078 -1.41363 0.270185 0.270196 -1.6514 -0.165831 -0.398474 2.63233 0 -0.431427 2.6316 0 -7.15e-4 0.451982 -0.303934 -0.306242 2.63179 -0.396881 -0.169734 2.63259 -0.431731 -0.004664 2.63308 0 0.431662 2.63256 -0.172932 0.395559 2.6328 -0.292046 -1.43021 4.47669 -0.558853 -1.34393 4.47669 -0.296057 -1.43975 4.43139 -0.564423 -1.35661 4.43139 -0.280416 -1.38945 4.49165 -0.544947 -1.31079 4.49165 -0.201429 0.112164 -1.6514 -0.351358 0.146075 -1.6514 -0.270186 0.270196 -1.6514 -0.203605 -0.103749 -1.6514 -0.112356 -0.1911 -1.6514 -0.270186 -0.270197 -1.6514 -0.50997 1.16747 4.18484 -0.588584 1.34736 4.43139 -0.299412 1.44071 4.43139 0 1.27323 4.18361 -0.298461 1.42894 4.47669 -0.585571 1.33862 4.47669 -0.572911 1.31195 4.49165 -0.292525 1.39838 4.49165 -0.292525 1.39838 4.49165 -0.572911 1.31195 4.49165 -0.519261 1.18902 4.42387 0 1.29538 4.42251 -0.917541 0.881108 4.18145 -1.05935 1.01738 4.43139 -0.851521 1.20075 4.43139 -1.18864 0.45668 4.18374 -1.37201 0.52709 4.43139 -1.24026 0.791167 4.43139 -1.27461 -0.01401 4.18611 -1.4708 -0.016218 4.43139 -1.44301 0.276015 4.43139 -1.17097 -0.500512 4.18393 -1.35154 -0.577773 4.43139 -1.44374 -0.293674 4.43139 -0.895603 -0.902481 4.18024 -1.03422 -1.04215 4.43139 -1.22401 -0.816994 4.43139 -0.48896 -1.17516 4.18281 -0.817451 -1.22097 4.43139 0 -1.2702 4.17958 0 -1.46684 4.43139 -0.827007 1.16443 4.49165 -1.02663 0.985171 4.49165 -0.932068 0.89467 4.42011 -0.483116 -0.486807 3.52396 -0.63133 -0.269912 3.52582 0 0.686599 3.52575 0 0.950078 4.06997 -0.275018 0.629339 3.52629 -0.380591 0.871254 4.07104 -0.364813 -0.876683 4.06926 -0.263698 -0.633699 3.52524 -0.667881 -0.673011 4.06701 0 -0.947588 4.06615 0 -0.685685 3.52353 -0.951429 -0.010407 4.07215 -0.687047 -0.007487 3.52692 -0.886906 0.34074 4.07008 -0.640945 0.246103 3.52572 -0.873733 -0.373427 4.07026 -0.402988 0.154638 2.63255 -0.311211 0.298964 2.63205 -0.494817 0.475248 3.52459 -0.684386 0.657173 4.06808 -1.29942 -0.014107 4.42526 -1.1918 -0.509115 4.42287 -0.84415 1.18983 4.47669 -1.054 1.01087 4.47669 -1.42385 -0.017321 4.49165 -1.39635 -0.284958 4.49165 -0.827007 1.16443 4.49165 -1.02663 0.985171 4.49165 0 1.42883 4.49165 0 1.45912 4.47669 -1.20657 0.764223 4.49165 -1.2094 0.464872 4.42266 -1.20657 0.764223 4.49165 -1.23103 0.78328 4.47669 0 1.42883 4.49165 -1.33313 0.512517 4.49165 0 1.46969 4.43139 0 -1.46236 4.47669 0 -1.41653 4.49165 -0.497329 -1.19482 4.42164 -0.908686 -0.915707 4.41882 -1.36315 0.524125 4.47669 -1.4622 -0.016178 4.47669 -1.43361 0.275144 4.47669 -1.42385 -0.017321 4.49165 -1.40468 0.271802 4.49165 0 -1.28808 4.41805 -0.280416 -1.38945 4.49165 -0.99998 -1.00768 4.49165 -0.789079 -1.17998 4.49165 -0.99998 -1.00768 4.49165 -1.02422 -1.03255 4.47669 -0.789079 -1.17998 4.49165 -0.808444 -1.21015 4.47669 -1.40468 0.271802 4.49165 0 -0.344961 0.38707 0 -0.29374 0.45318 -0.125019 -0.320314 0.38707 -0.110641 -0.271477 0.45318 -0.207028 -0.207881 0.45318 -0.243914 -0.243925 0.38707 -0.92508 0.355275 3.43806 -0.71438 0.68611 3.4366 -1.18245 -0.792891 4.49165 -1.21378 -0.809081 4.47669 -1.18245 -0.792891 4.49165 -1.43302 -0.291897 4.47669 -1.39635 -0.284958 4.49165 -1.33313 0.512517 4.49165 -1.34273 -0.572122 4.47669 -0.991423 -0.01087 3.4396 -0.113731 0.271051 0.45318 0 0.293998 0.45318 -0.12546 0.319169 0.38707 0 0.34496 0.38707 -1.30953 -0.560034 4.49165 -1.30953 -0.560034 4.49165 -0.396863 0.90829 3.43878 0 0.990931 3.43791 -0.29581 0.676972 2.60377 -0.532575 0.511537 2.60247 -0.215361 0.492958 1.76875 0 0.537898 1.76849 -0.113731 0.271051 0.45318 0 0.293998 0.45318 0 0.738672 2.60326 -0.387871 0.372551 1.76804 -0.210115 0.204862 0.45318 -0.68958 0.26481 2.60333 -0.502123 0.192867 1.76851 -0.273912 0.105549 0.45318 -0.273912 0.105549 0.45318 -0.210115 0.204862 0.45318 -0.31862 0.125872 0.38707 -0.243914 0.243924 0.38707 -0.269465 -0.116979 0.45318 -0.293749 -0.001964 0.45318 -0.313134 -0.139333 0.38707 -0.344949 0 0.38707 0 -0.29374 0.45318 0 -0.537696 1.76756 -0.110641 -0.271477 0.45318 -0.206591 -0.496605 1.76831 -0.283717 -0.681911 2.60297 0 -0.738212 2.60157 -0.378792 -0.381698 1.76778 -0.520068 -0.524045 2.602 -0.49458 -0.211467 1.76856 -0.679206 -0.290411 2.60341 -0.544947 -1.31079 4.49165 -0.91122 -0.389578 3.43818 -0.537951 -0.005942 1.76903 -0.73888 -0.008104 2.60426 -0.697526 -0.702868 3.43583 -0.380604 -0.914738 3.43746 0 -0.990029 3.43511 0 -1.41653 4.49165 -0.207028 -0.207881 0.45318 -0.269465 -0.116979 0.45318 -0.293749 -0.001964 0.45318 0 0.285092 -1.34749 0 0.327835 -1.41363 -0.13101 0.296535 -1.41363 -0.20078 0.201178 -1.34749 -0.15128 0.348467 -1.41363 0 0.386191 -1.41363 -0.145076 0.349604 -1.6514 0 0.382115 -1.6514 0 0.382115 -1.6514 0 0.227216 -1.6514 -0.145076 0.349604 -1.6514 -0.119617 0.195056 -1.6514 -0.119617 0.195056 -1.6514 0 0.227216 -1.6514 0 -0.00823 -1.38771 -0.226308 -0.00259 -1.6514 -0.201429 0.112164 -1.6514 -0.226308 -0.00259 -1.6514 -0.382105 0 -1.6514 -0.382105 0 -1.6514 -0.38562 0 -1.41363 -0.351358 0.146075 -1.6514 -0.353133 0.147579 -1.41363 -0.300841 0.122193 -1.41363 -0.32773 1.97e-4 -1.41363 -0.284647 -2.53e-4 -1.34749 -0.30156 -0.132022 -1.41363 -0.231804 -0.231816 -1.41363 -0.20158 -0.201592 -1.34749 -0.349278 -0.148603 -1.41363 -0.351427 -0.144496 -1.6514 -0.351427 -0.144496 -1.6514 -0.203605 -0.103749 -1.6514 0 -0.220764 -1.6514 -0.112356 -0.1911 -1.6514 0 -0.220764 -1.6514 -0.150553 -0.349297 -1.6514 0 -0.382115 -1.6514 0 -0.382115 -1.6514 0 -0.386191 -1.41363 -0.150553 -0.349297 -1.6514 -0.160137 -0.352052 -1.41363 -0.127781 -0.301096 -1.41363 0 -0.327836 -1.41363 0 -0.285094 -1.34749 -0.194621 0.19463 -0.197885 -0.197659 0.197669 0.310654 -0.101621 0.259748 0.310654 0 0.27951 0.310654 -0.260236 0.102765 0.310654 -0.255612 -0.113685 0.310654 -0.279553 0 0.310654 -0.275239 0 -0.197885 -0.101694 -0.260673 0.310654 -0.197592 -0.197602 0.310654 -0.194621 -0.19463 -0.197885 0 0.275249 -0.197885 0 -0.27525 -0.197885 0 -0.279482 0.310654 0 0.207282 -0.282326 -0.146561 0.146571 -0.282326 -0.207273 0 -0.282326 -0.099261 -0.099271 -0.617858 0 -0.14039 -0.617858 -0.147996 -0.148006 -0.547632 0 -0.209311 -0.54763 -0.146561 -0.146571 -0.282328 0 -0.207284 -0.282326 0 0.20931 -0.54763 -0.147996 0.148005 -0.54763 -0.2093 0 -0.54763 0 0.14039 -0.617858 -0.099261 0.09927 -0.617858 -0.140379 0 -0.617858 -0.09914 0.09915 -0.706052 0 0.140219 -0.706052 -0.140209 0 -0.706052 -0.09914 -0.09915 -0.706052 0 -0.14022 -0.706052 -0.14226 -0.142271 -0.808539 0 -0.201202 -0.808539 -0.201191 0 -0.808539 -0.14226 0.142271 -0.808539 0 0.201201 -0.808539 -0.099042 -0.099052 -0.910501 0 -0.140082 -0.910501 -0.099042 0.099052 -0.910501 -0.102136 0.102147 -1.01219 -0.140071 0 -0.910501 -0.144486 0 -1.01215 0 0.140081 -0.910501 0 0.144442 -1.0122 -0.102161 -0.102171 -1.01215 0 -0.144461 -1.01218 -0.133248 -0.133259 -1.02969 -0.188445 0 -1.02969 -0.181989 0.181998 -1.10462 -0.199289 0.199299 -1.19414 -0.257375 0 -1.10462 -0.281843 0 -1.19414 -0.199289 -0.1993 -1.19414 -0.182003 -0.182012 -1.10461 -0.133248 0.133258 -1.02969 0 0.188454 -1.02969 0 0.257401 -1.10461 0 -0.281853 -1.19414 0 -0.257385 -1.10462 0 -0.188455 -1.02969 0 0.281852 -1.19414 -0.226559 0.228884 -1.41363 -0.268293 0.270386 -1.41363 -0.270186 -0.270197 -1.6514 -0.273068 -0.273078 -1.41363 -0.270186 0.270196 -1.6514 0.11373 0.271051 0.45318 0 0.293998 0.45318 0.210115 0.204862 0.45318 0.273911 0.105549 0.45318 0.293748 -0.001964 0.45318 0.269465 -0.116979 0.45318 0.207028 -0.207881 0.45318 0.11064 -0.271477 0.45318 0 -0.29374 0.45318</float_array>
          <technique_common>
            <accessor source="#geom-horn_VIS_O_OBJShape-positions-array" count="576" stride="3">
              <param name="X" type="float"/>
              <param name="Y" type="float"/>
              <param name="Z" type="float"/>
            </accessor>
          </technique_common>
        </source>
        <source id="geom-horn_VIS_O_OBJShape-normals">
          <float_array id="geom-horn_VIS_O_OBJShape-normals-array" count="1728">-0.3699995 0.8982562 0.2371416 3.05329e-5 0.9340614 0.3571124 -0.3555509 0.8634809 0.3577487 3.05283e-5 0.9715341 0.2369 -0.6572747 0.6636229 0.3572039 -0.6837984 0.6901479 0.2368873 3.053e-5 -0.04600868 0.9989411 3.05206e-5 0.8081867 0.5889264 -0.3070115 0.7459134 0.5910643 -0.5681598 0.5740221 0.589655 -0.8600287 0.3635953 0.357979 -0.8946914 0.3784857 0.2372251 -0.9030755 -0.3580067 0.2372466 -0.9712597 0.0182508 0.2373214 -0.7023687 -0.671109 0.237257 -0.3806763 -0.893698 0.2374648 3.05239e-5 -0.9713933 0.2374761 -0.7421018 0.3141353 0.5921181 -0.9333667 0.0174762 0.3584988 -0.4812604 0.4858997 0.729582 3.05285e-5 0.6857913 0.7277984 -0.2605296 0.6328892 0.7290923 -0.1332006 0.2015712 0.9703745 -0.1956339 0.1296899 0.9720637 -0.1292075 0.1315278 0.982856 -0.6273184 0.2648026 0.73236 -0.8048061 0.01497108 0.5933492 -0.8679828 -0.3441159 0.3580368 -0.7492504 -0.2969649 0.5919762 -0.6750876 -0.64529 0.3575717 -0.36614 -0.8588047 0.3583238 3.05195e-5 -0.9336537 0.3581773 -0.5831946 -0.5573074 0.5910096 -0.6315805 -0.2492374 0.7341573 -0.4919971 -0.4705104 0.7325019 -0.6794249 0.01227978 0.7336422 -0.1526477 0.06368464 0.9862266 -0.2164728 0.04419807 0.9752877 -0.2194198 -0.03843204 0.9748734 -0.1601989 0.003245265 0.9870794 -0.1597015 -0.06428351 0.98507 -0.194551 -0.1232278 0.9731212 -0.1310277 -0.1900085 0.9729998 -0.2656933 -0.6232071 0.7355406 -0.3157211 -0.7408336 0.5928622 -0.1331954 -0.1261144 0.9830332 3.05312e-5 -0.8055345 0.592549 3.05275e-5 -0.6779554 0.735103 -0.06500501 -0.1479551 0.9868554 -0.04709186 -0.2229157 0.9736997 3.05195e-5 -0.1701767 0.9854136 -0.06337523 0.1563011 0.9856741 -0.0461512 0.2289246 0.9723496 3.05201e-5 0.1700582 0.985434 3.05234e-5 -0.8844463 -0.4666419 0.154733 -0.7645054 0.6257709 3.05375e-5 -0.7822493 0.6229656 0.1675137 -0.8365915 -0.5215877 -0.0461512 0.2289246 0.9723496 -0.06337523 0.1563011 0.9856741 0.3025251 -0.7178563 0.6270255 3.05211e-5 -0.9122136 -0.4097148 0.3470188 -0.8430042 -0.4110012 0.3467282 -0.8248224 -0.4465956 0.4360303 -0.6541676 0.6180149 -0.1332006 0.2015712 0.9703745 0.4789534 -0.7165983 -0.5070409 0.5562965 -0.5621574 0.611975 0.3599554 -0.8742471 -0.325767 0.6416917 -0.6480403 -0.4102139 3.05272e-5 -0.9456115 -0.3252982 0.6653892 -0.6717402 -0.3256108 0.3671147 -0.8910407 -0.2669703 0.8707241 -0.3682142 -0.3259721 0.8392159 -0.3548838 -0.4120364 0.6324942 -0.6364015 -0.4415249 0.7097657 -0.4828654 -0.5129071 0.6593893 -0.4513154 0.6012654 -0.1956339 0.1296899 0.9720637 -0.1292075 0.1315278 0.982856 0.8201454 -0.3455943 -0.4559891 0.9451118 -0.01762927 -0.3262711 0.9110228 -0.01622683 -0.4120363 0.8322532 -0.1750955 -0.5260192 0.8875839 -0.3754035 -0.266959 0.963557 -0.01802396 -0.2668951 0.678061 -0.6849002 -0.26673 3.05302e-5 -0.9637764 -0.2667116 0.3729101 -0.9040689 -0.2088004 0.9009522 -0.380402 -0.2087572 0.6871336 -0.6959242 -0.2086552 0.9777839 -0.01855933 -0.2087925 0.8959655 0.3549176 -0.2669821 0.8788347 0.3483097 -0.3260824 0.8479167 0.3348196 -0.4110149 0.8860703 5.89589e-4 -0.4635505 0.840278 0.1524225 -0.5202885 0.7395359 -0.3101752 0.5973926 0.7845504 -0.1676818 0.5969618 0.813733 -0.001043649 0.5812379 -0.1526477 0.06368464 0.9862266 -0.2164728 0.04419807 0.9752877 -0.1601989 0.003245265 0.9870794 0.8199633 0.1484627 0.5528281 0.8262503 0.3254703 -0.4597604 0.6588044 0.6299909 -0.4112033 0.7190684 0.4579664 -0.5226924 0.6834841 0.6531938 -0.3258641 0.9088395 0.3611428 -0.2087743 0.6966543 0.6658764 -0.2669857 0.9889709 -0.01904685 -0.1468805 0.9112893 -0.3845875 -0.14712 0.6935385 -0.7052603 -0.1470106 0.3775287 -0.914274 -0.1468846 3.05305e-5 -0.9779523 -0.2088285 3.05266e-5 -0.9890614 -0.1475045 0.9185928 0.3667534 -0.1472386 0.7062754 0.6764809 -0.2086834 0.38321 0.8997742 -0.2087017 0.3778258 0.8865597 -0.2669448 0.3703965 0.8697115 -0.3262029 0.3572363 0.8380281 -0.4124212 0.6451865 0.61344 -0.4554402 0.4891413 0.6994013 -0.5211321 0.5918627 0.5610976 0.5786777 0.6946228 0.4425655 0.5671287 0.7796224 0.3099439 0.5441725 -0.2194198 -0.03843204 0.9748734 -0.1597015 -0.06428351 0.98507 -0.194551 -0.1232278 0.9731212 -0.1331954 -0.1261144 0.9830332 -0.1310277 -0.1900085 0.9729998 0.4744482 0.675411 0.5645518 0.3546261 0.8157378 -0.4569597 0.3365439 0.7678476 0.5451132 3.05207e-5 0.9112258 -0.4119073 0.1730564 0.8329178 -0.525642 3.05316e-5 0.9452587 -0.3263219 3.05282e-5 0.9637136 -0.2669384 0.7132303 0.685385 -0.1467984 0.3867875 0.910318 -0.147365 3.0532e-5 0.9780021 -0.2085949 3.05238e-5 0.9889721 -0.1481016 3.05298e-5 0.8909817 -0.4540392 3.05348e-5 0.8315238 0.5554892 0.1701032 0.8186445 0.5485309 -0.06500501 -0.1479551 0.9868554 -0.04709186 -0.2229157 0.9736997 3.05195e-5 -0.1701767 0.9854136 3.05201e-5 0.1700582 0.985434 3.05176e-5 3.05176e-5 -1 3.05176e-5 3.05176e-5 -1 3.05176e-5 3.05176e-5 -1 3.05176e-5 3.05176e-5 -1 3.05176e-5 3.05176e-5 -1 3.05176e-5 3.05176e-5 -1 3.05176e-5 3.05176e-5 -1 3.05176e-5 3.05176e-5 -1 3.05176e-5 3.05176e-5 -1 3.05176e-5 3.05176e-5 -1 3.05176e-5 3.05176e-5 -1 3.05176e-5 3.05176e-5 -1 3.05176e-5 3.05176e-5 -1 3.05176e-5 3.05176e-5 -1 3.05176e-5 3.05176e-5 -1 3.05176e-5 3.05176e-5 -1 3.05179e-5 0.989267 0.1461195 3.05279e-5 0.994477 0.1049549 0.7006692 0.699692 0.1396208 0.1507019 0.3546501 0.9227742 3.05239e-5 0.3169602 0.9484388 0.7037498 0.702773 0.1041462 0.6325407 0.6320522 0.447663 3.0524e-5 0.8942317 0.4476042 0.3475533 0.1464218 0.9261574 0.2402183 0.2350891 0.9418218 0.994521 9.19217e-4 0.1045322 0.9886001 0.00115241 0.1505612 0.6902211 0.6980368 0.190629 0.3851211 0.9035814 0.1876763 3.05238e-5 0.9831091 0.1830204 0.7044126 0.7097861 -0.002564609 0.386826 0.9221307 -0.00636468 0.9039304 0.3835966 0.1891124 0.32654 9.15875e-4 0.945183 0.9838659 -0.006316325 0.1787959 0.6984435 -0.6989319 0.153853 0.3521059 -0.1462631 0.9244612 0.7033586 -0.7028701 0.1061143 0.6325407 -0.6320522 0.447663 0.8942317 3.89301e-5 0.4476042 3.05275e-5 0.6779554 0.735103 0.4793964 0.4793964 0.7350907 0.6779554 4.46584e-5 0.735103 0.4793964 -0.4793964 0.7350907 3.0524e-5 -0.8942317 0.4476042 3.05232e-5 -0.994323 0.1064038 3.05201e-5 -0.9883633 0.1521122 0.1418966 -0.3416753 0.9290443 0.2304834 -0.2364652 0.9439076 0.7121347 -0.6803865 0.1730272 0.9081273 -0.3776129 0.1808683 0.9249789 -0.3799544 -0.00697458 0.9999444 -0.006464895 -0.008327274 0.9207705 0.3900452 -0.006819533 0.7229404 -0.6907011 -0.01700497 0.3802112 -0.9079161 0.1764307 3.05235e-5 -0.3110952 0.9503787 3.05231e-5 -0.9845541 0.1750807 0.3790394 -0.9251296 -0.02155298 3.05271e-5 -0.9998252 -0.01869788 3.05275e-5 -0.6779554 0.735103 0.6227185 -0.6227185 0.4737545 0.8806435 9.64105e-5 0.4737794 3.05235e-5 0.8805416 0.4739687 0.6226465 0.6226465 0.4739438 0.9510736 4.99394e-5 -0.3089646 3.0527e-5 -0.8806435 0.4737794 0.6725228 -0.6725228 -0.3089111 0.7071068 0.7071068 -3.19038e-4 1 3.05176e-5 -3.2115e-4 0.6725228 0.6725228 -0.3089111 3.05301e-5 0.9510736 -0.3089646 3.05176e-5 1 -3.1805e-4 3.05217e-5 0.9395794 0.3423311 0.6643559 0.6643559 0.3424364 0.7071068 -0.7071068 -3.19038e-4 0.9395794 3.05217e-5 0.3423311 3.05301e-5 -0.9510736 -0.3089646 3.05176e-5 -1 -3.1805e-4 0.6643559 -0.6643559 0.3424364 0.8840373 3.18974e-5 -0.4674164 0.6251233 0.6251233 -0.4673773 3.05261e-5 0.8840373 -0.4674164 0.6251233 -0.6251233 -0.4673773 0.6996727 0.6996727 -0.1446251 0.9894951 3.05249e-5 -0.1445659 3.05191e-5 -0.9395008 0.3425467 3.05261e-5 -0.8840373 -0.4674164 0.6996727 -0.6996727 -0.1446251 0.688414 0.688414 -0.2284127 0.9735739 3.0531e-5 -0.2283722 3.05249e-5 0.9894951 -0.1445659 3.0531e-5 0.9735739 -0.2283722 0.6926228 0.6926228 -0.2013637 3.05187e-5 0.9795293 -0.2013016 0.9793404 4.54582e-4 -0.2022179 0.688414 -0.688414 -0.2284127 0.6929915 -0.6920148 -0.2021836 3.05249e-5 -0.9894951 -0.1445659 3.0531e-5 -0.9735739 -0.2283722 3.05258e-5 -0.979268 -0.2025693 0.9021641 -0.3748841 -0.2134519 0.6732277 -0.7044952 -0.2246128 0.3730924 -0.9024538 -0.2153583 0.9029105 0.3733235 -0.2130312 0.9744058 -0.02092591 -0.2238203 0.37298 0.9027727 -0.2142131 0.685747 0.6920965 -0.2252855 3.05181e-5 0.9741376 -0.225956 0.3778515 0.9217915 -0.08676906 0.7035407 0.7045178 -0.09319471 0.920597 0.3804483 -0.08809161 0.9954889 -0.01821054 -0.09311339 0.9184866 -0.3852663 -0.08917523 0.6915492 -0.7169451 -0.08803089 0.37748 -0.9219693 -0.08649566 3.05257e-5 -0.9743789 -0.224913 3.05266e-5 -0.9890614 -0.1475045 0.3775287 -0.914274 -0.1468846 3.05197e-5 -0.9971408 -0.07556687 0.6935385 -0.7052603 -0.1470106 0.9112893 -0.3845875 -0.14712 0.9889709 -0.01904685 -0.1468805 0.9185928 0.3667534 -0.1472386 0.7132303 0.685385 -0.1467984 0.3867875 0.910318 -0.147365 3.05238e-5 0.9889721 -0.1481016 3.052e-5 0.9971499 -0.07544548 3.05312e-5 0.999957 -0.009273844 -0.6556057 -0.3588244 -0.6643992 3.05315e-5 0.008197697 -0.9999664 -0.3699457 -0.6470997 -0.6666349 3.05251e-5 -0.7457904 -0.6661808 -0.7587717 -0.009786959 -0.6512831 -0.6564614 0.387576 -0.647181 -0.3895857 0.6707224 -0.6311532 3.05257e-5 0.7785285 -0.6276093 0.3699995 0.8982562 0.2371416 3.05329e-5 0.9340614 0.3571124 3.05283e-5 0.9715341 0.2369 0.3555509 0.8634809 0.3577487 0.6572747 0.6636229 0.3572039 0.6837984 0.6901479 0.2368873 3.053e-5 -0.04600868 0.9989411 3.05206e-5 0.8081867 0.5889264 0.3070115 0.7459134 0.5910643 0.5681598 0.5740221 0.589655 0.8600287 0.3635953 0.357979 0.8946914 0.3784857 0.2372251 0.9030755 -0.3580067 0.2372466 0.9712597 0.0182508 0.2373214 0.7023687 -0.671109 0.237257 0.3806763 -0.893698 0.2374648 3.05239e-5 -0.9713933 0.2374761 0.7421018 0.3141353 0.5921181 0.9333667 0.0174762 0.3584988 0.4812604 0.4858997 0.729582 3.05285e-5 0.6857913 0.7277984 0.2605296 0.6328892 0.7290923 0.1332006 0.2015712 0.9703745 0.1956339 0.1296899 0.9720637 0.1292075 0.1315278 0.982856 0.6273184 0.2648026 0.73236 0.8048061 0.01497108 0.5933492 0.8679828 -0.3441159 0.3580368 0.7492504 -0.2969649 0.5919762 0.6750876 -0.64529 0.3575717 0.36614 -0.8588047 0.3583238 3.05195e-5 -0.9336537 0.3581773 0.5831946 -0.5573074 0.5910096 0.6315805 -0.2492374 0.7341573 0.4919971 -0.4705104 0.7325019 0.6794249 0.01227978 0.7336422 0.1526477 0.06368464 0.9862266 0.2164728 0.04419807 0.9752877 0.2194198 -0.03843204 0.9748734 0.1601989 0.003245265 0.9870794 0.1597015 -0.06428351 0.98507 0.194551 -0.1232278 0.9731212 0.2656933 -0.6232071 0.7355406 0.1310277 -0.1900085 0.9729998 0.3157211 -0.7408336 0.5928622 0.1331954 -0.1261144 0.9830332 3.05312e-5 -0.8055345 0.592549 3.05275e-5 -0.6779554 0.735103 0.06500501 -0.1479551 0.9868554 0.04709186 -0.2229157 0.9736997 3.05195e-5 -0.1701767 0.9854136 0.06337523 0.1563011 0.9856741 0.0461512 0.2289246 0.9723496 3.05201e-5 0.1700582 0.985434 -0.154733 -0.7645054 0.6257709 3.05234e-5 -0.8844463 -0.4666419 3.05375e-5 -0.7822493 0.6229656 -0.1675137 -0.8365915 -0.5215877 0.0461512 0.2289246 0.9723496 0.06337523 0.1563011 0.9856741 -0.3025251 -0.7178563 0.6270255 3.05211e-5 -0.9122136 -0.4097148 -0.3467282 -0.8248224 -0.4465956 -0.3470188 -0.8430042 -0.4110012 -0.4360303 -0.6541676 0.6180149 0.1332006 0.2015712 0.9703745 -0.4789534 -0.7165983 -0.5070409 -0.5562965 -0.5621574 0.611975 -0.6416917 -0.6480403 -0.4102139 -0.3599554 -0.8742471 -0.325767 3.05272e-5 -0.9456115 -0.3252982 -0.6653892 -0.6717402 -0.3256108 -0.3671147 -0.8910407 -0.2669703 -0.8707241 -0.3682142 -0.3259721 -0.8392159 -0.3548838 -0.4120364 -0.6324942 -0.6364015 -0.4415249 -0.7097657 -0.4828654 -0.5129071 -0.6593893 -0.4513154 0.6012654 0.1956339 0.1296899 0.9720637 0.1292075 0.1315278 0.982856 -0.8201454 -0.3455943 -0.4559891 -0.9451118 -0.01762927 -0.3262711 -0.9110228 -0.01622683 -0.4120363 -0.8322532 -0.1750955 -0.5260192 -0.8875839 -0.3754035 -0.266959 -0.9635568 -0.01803922 -0.266895 -0.678061 -0.6849002 -0.26673 3.05302e-5 -0.9637764 -0.2667116 -0.3729101 -0.9040689 -0.2088004 -0.9009522 -0.380402 -0.2087572 -0.6871336 -0.6959242 -0.2086552 -0.9777836 -0.01857459 -0.2087924 -0.8959655 0.3549176 -0.2669821 -0.8788347 0.3483097 -0.3260824 -0.8479167 0.3348196 -0.4110149 -0.8860703 5.88158e-4 -0.4635505 -0.840278 0.1524225 -0.5202885 -0.7395359 -0.3101752 0.5973926 -0.7845504 -0.1676818 0.5969618 -0.813733 -0.001044603 0.5812379 0.1526477 0.06368464 0.9862266 0.2164728 0.04419807 0.9752877 0.1601989 0.003245265 0.9870794 -0.8199633 0.1484627 0.5528281 -0.8262503 0.3254703 -0.4597604 -0.6588044 0.6299909 -0.4112033 -0.7190684 0.4579664 -0.5226924 -0.6834841 0.6531938 -0.3258641 -0.9088395 0.3611428 -0.2087743 -0.6966543 0.6658764 -0.2669857 -0.9889709 -0.01904685 -0.1468805 -0.9112893 -0.3845875 -0.14712 -0.6935385 -0.7052603 -0.1470106 -0.3775287 -0.914274 -0.1468846 3.05305e-5 -0.9779523 -0.2088285 3.05266e-5 -0.9890614 -0.1475045 -0.9185928 0.3667534 -0.1472386 -0.7062754 0.6764809 -0.2086834 -0.38321 0.8997742 -0.2087017 -0.3778258 0.8865597 -0.2669448 -0.3703965 0.8697115 -0.3262029 -0.3572363 0.8380281 -0.4124212 -0.6451865 0.61344 -0.4554402 -0.4891413 0.6994013 -0.5211321 -0.5918627 0.5610976 0.5786777 -0.6946228 0.4425655 0.5671287 -0.7796224 0.3099439 0.5441725 0.2194198 -0.03843204 0.9748734 0.1597015 -0.06428351 0.98507 0.194551 -0.1232278 0.9731212 0.1331954 -0.1261144 0.9830332 0.1310277 -0.1900085 0.9729998 -0.4744482 0.675411 0.5645518 -0.3546261 0.8157378 -0.4569597 -0.3365439 0.7678476 0.5451132 3.05207e-5 0.9112258 -0.4119073 -0.1730564 0.8329178 -0.525642 3.05316e-5 0.9452587 -0.3263219 3.05282e-5 0.9637136 -0.2669384 -0.7132303 0.685385 -0.1467984 -0.3867875 0.910318 -0.147365 3.0532e-5 0.9780021 -0.2085949 3.05238e-5 0.9889721 -0.1481016 3.05298e-5 0.8909817 -0.4540392 3.05348e-5 0.8315238 0.5554892 -0.1701032 0.8186445 0.5485309 0.06500501 -0.1479551 0.9868554 0.04709186 -0.2229157 0.9736997 3.05195e-5 -0.1701767 0.9854136 3.05201e-5 0.1700582 0.985434 3.05176e-5 3.05176e-5 -1 3.05176e-5 3.05176e-5 -1 3.05176e-5 3.05176e-5 -1 3.05176e-5 3.05176e-5 -1 3.05176e-5 3.05176e-5 -1 3.05176e-5 3.05176e-5 -1 3.05176e-5 3.05176e-5 -1 3.05176e-5 3.05176e-5 -1 3.05176e-5 3.05176e-5 -1 3.05176e-5 3.05176e-5 -1 3.05176e-5 3.05176e-5 -1 3.05176e-5 3.05176e-5 -1 3.05176e-5 3.05176e-5 -1 3.05176e-5 3.05176e-5 -1 3.05176e-5 3.05176e-5 -1 3.05176e-5 3.05176e-5 -1 3.05197e-5 -0.9971408 -0.07556687 -0.37748 -0.9219693 -0.08649566 3.05257e-5 -0.9743789 -0.224913 3.05266e-5 -0.9890614 -0.1475045 -0.3730924 -0.9024538 -0.2153583 -0.6732277 -0.7044952 -0.2246128 -0.6915492 -0.7169451 -0.08803089 -0.3775287 -0.914274 -0.1468846 3.05258e-5 -0.979268 -0.2025693 -0.6929915 -0.6920148 -0.2021836 -0.9184866 -0.3852663 -0.08917523 -0.9021641 -0.3748841 -0.2134519 -0.6935385 -0.7052603 -0.1470106 -0.9112893 -0.3845875 -0.14712 -0.9744058 -0.02092591 -0.2238203 -0.9954889 -0.01821054 -0.09311339 -0.9889709 -0.01904685 -0.1468805 -0.9793404 4.54582e-4 -0.2022179 -0.9735739 3.0531e-5 -0.2283722 -0.688414 -0.688414 -0.2284127 3.0531e-5 -0.9735739 -0.2283722 -0.6996727 -0.6996727 -0.1446251 3.05249e-5 -0.9894951 -0.1445659 -0.688414 0.688414 -0.2284127 -0.9894951 3.05249e-5 -0.1445659 -0.6926228 0.6926228 -0.2013637 -0.9029105 0.3733235 -0.2130312 -0.920597 0.3804483 -0.08809161 -0.9185928 0.3667534 -0.1472386 -0.6857281 0.6920775 -0.2254014 -0.7035407 0.7045178 -0.09319471 -0.7132303 0.685385 -0.1467984 3.0531e-5 0.9735739 -0.2283722 3.05187e-5 0.9795293 -0.2013016 -0.37298 0.9027727 -0.2142131 -0.6996727 0.6996727 -0.1446251 -0.8840373 3.19273e-5 -0.4674164 -0.6251233 -0.6251233 -0.4673773 3.05261e-5 -0.8840373 -0.4674164 3.05191e-5 -0.9395008 0.3425467 -0.6643559 -0.6643559 0.3424364 -0.9395794 3.05217e-5 0.3423311 -0.6643559 0.6643559 0.3424364 -0.6251233 0.6251233 -0.4673773 3.05249e-5 0.9894951 -0.1445659 3.05261e-5 0.8840373 -0.4674164 3.05217e-5 0.9395794 0.3423311 -0.7071068 0.7071068 -3.17846e-4 -1 3.05176e-5 -3.1805e-4 -0.7071068 -0.7071068 -3.17846e-4 3.05176e-5 -1 -3.1805e-4 -0.6725228 -0.6725228 -0.3089111 3.05301e-5 -0.9510736 -0.3089646 -0.9510736 5.04462e-5 -0.3089646 -0.6725228 0.6725228 -0.3089111 3.05301e-5 0.9510736 -0.3089646 3.05176e-5 1 -3.1805e-4 -0.6227185 -0.6227185 0.4737545 -0.8806435 9.86762e-5 0.4737794 -0.6226465 0.6226465 0.4739438 3.0527e-5 -0.8806435 0.4737794 3.05275e-5 -0.6779554 0.735103 -0.4793964 -0.4793964 0.7350907 -0.6779554 4.52249e-5 0.735103 -0.4793964 0.4793964 0.7350907 3.05235e-5 0.8805416 0.4739687 3.05275e-5 0.6779554 0.735103 -0.6325407 0.6320522 0.447663 -0.8942317 3.95262e-5 0.4476042 -0.6325407 -0.6320522 0.447663 3.0524e-5 -0.8942317 0.4476042 3.05232e-5 -0.994323 0.1064038 -0.7033586 -0.7028701 0.1061143 -0.994521 9.1874e-4 0.1045322 -0.7037498 0.702773 0.1041462 3.05279e-5 0.994477 0.1049549 3.0524e-5 0.8942317 0.4476042 -0.7006692 0.699692 0.1396208 -0.9886001 0.001150502 0.1505612 -0.6984435 -0.6989319 0.153853 3.05201e-5 -0.9883633 0.1521122 -0.3521059 -0.1462631 0.9244612 -0.32654 9.15875e-4 0.945183 -0.3475533 0.1464218 0.9261574 -0.2402183 0.2350891 0.9418218 -0.1507019 0.3546501 0.9227742 3.05179e-5 0.989267 0.1461195 -0.9039304 0.3835966 0.1891124 -0.9838659 -0.006316325 0.1787959 -0.9081273 -0.3776129 0.1808683 -0.7121347 -0.6803865 0.1730272 -0.2304834 -0.2364652 0.9439076 -0.1418966 -0.3416753 0.9290443 3.05235e-5 -0.3110952 0.9503787 -0.3802112 -0.9079161 0.1764307 3.05231e-5 -0.9845541 0.1750807 -0.7229404 -0.6907011 -0.01700497 -0.9249789 -0.3799544 -0.00697458 -0.9999444 -0.006464895 -0.008327274 -0.9207705 0.3900452 -0.006819533 -0.7044126 0.7097861 -0.002564609 -0.6902211 0.6980368 0.190629 -0.3851211 0.9035814 0.1876763 3.05239e-5 0.3169602 0.9484388 -0.386826 0.9221307 -0.00636468 3.05238e-5 0.9831091 0.1830204 3.05312e-5 0.999957 -0.009273844 -0.3790394 -0.9251296 -0.02155298 3.05271e-5 -0.9998252 -0.01869788 3.05181e-5 0.9741376 -0.225956 -0.3778515 0.9217915 -0.08676906 3.052e-5 0.9971499 -0.07544548 -0.3867875 0.910318 -0.147365 3.05238e-5 0.9889721 -0.1481016 0.6556057 -0.3588244 -0.6643992 0.3699457 -0.6470997 -0.6666349 3.05315e-5 0.008197697 -0.9999664 3.05251e-5 -0.7457904 -0.6661808 0.7587717 -0.009786959 -0.6512831 0.3895857 0.6707224 -0.6311532 0.6564614 0.387576 -0.647181 3.05257e-5 0.7785285 -0.6276093</float_array>
          <technique_common>
            <accessor source="#geom-horn_VIS_O_OBJShape-normals-array" count="576" stride="3">
              <param name="X" type="float"/>
              <param name="Y" type="float"/>
              <param name="Z" type="float"/>
            </accessor>
          </technique_common>
        </source>
        <source id="geom-horn_VIS_O_OBJShape-map-2">
          <float_array id="geom-horn_VIS_O_OBJShape-map-2-array" count="1728">1 1 1 1 1 1 1 1 1 1 1 1 1 1 1 1 1 1 1 1 1 1 1 1 1 1 1 1 1 1 1 1 1 1 1 1 1 1 1 1 1 1 1 1 1 1 1 1 1 1 1 1 1 1 1 1 1 1 1 1 1 1 1 1 1 1 1 1 1 1 1 1 1 1 1 1 1 1 1 1 1 1 1 1 1 1 1 1 1 1 1 1 1 1 1 1 1 1 1 1 1 1 1 1 1 1 1 1 1 1 1 1 1 1 1 1 1 1 1 1 1 1 1 1 1 1 1 1 1 1 1 1 1 1 1 1 1 1 1 1 1 1 1 1 1 1 1 1 1 1 1 1 1 1 1 1 1 1 1 1 1 1 1 1 1 1 1 1 1 1 1 1 1 1 1 1 1 1 1 1 1 1 1 1 1 1 1 1 1 1 1 1 1 1 1 1 1 1 1 1 1 1 1 1 1 1 1 1 1 1 1 1 1 1 1 1 1 1 1 1 1 1 1 1 1 1 1 1 1 1 1 1 1 1 1 1 1 1 1 1 1 1 1 1 1 1 1 1 1 1 1 1 1 1 1 1 1 1 1 1 1 1 1 1 1 1 1 1 1 1 1 1 1 1 1 1 1 1 1 1 1 1 1 1 1 1 1 1 1 1 1 1 1 1 1 1 1 1 1 1 1 1 1 1 1 1 1 1 1 1 1 1 1 1 1 1 1 1 1 1 1 1 1 1 1 1 1 1 1 1 1 1 1 1 1 1 1 1 1 1 1 1 1 1 1 1 1 1 1 1 1 1 1 1 1 1 1 1 1 1 1 1 1 1 1 1 1 1 1 1 1 1 1 1 1 1 1 1 1 1 1 1 1 1 1 1 1 1 1 1 1 1 1 1 1 1 1 1 1 1 1 1 1 1 1 1 1 1 1 1 1 1 1 1 1 1 1 1 1 1 1 1 1 1 1 1 1 1 1 1 1 1 1 1 1 1 1 1 1 1 1 1 1 1 1 1 1 1 1 1 1 1 1 1 1 1 1 1 1 1 1 1 1 1 1 1 1 1 1 1 1 1 1 1 1 1 1 1 1 1 1 1 1 1 1 1 1 1 1 1 1 1 1 1 1 1 1 1 1 1 1 1 1 1 1 1 1 1 1 1 1 1 1 1 1 1 1 1 1 1 1 1 1 1 1 1 1 1 1 1 1 1 1 1 1 1 1 1 1 1 1 1 1 1 1 1 1 1 1 1 1 1 1 1 1 1 1 1 1 1 1 1 1 1 1 1 1 1 1 1 1 1 1 1 1 1 1 1 1 1 1 1 1 1 1 1 1 1 1 1 1 1 1 1 1 1 1 1 1 1 1 1 1 1 1 1 1 1 1 1 1 1 1 1 1 1 1 1 1 1 1 1 1 1 1 1 1 1 1 1 1 1 1 1 1 1 1 1 1 1 1 1 1 1 1 1 1 1 1 1 1 1 1 1 1 1 1 1 1 1 1 1 1 1 1 1 1 1 1 1 1 1 1 1 1 1 1 1 1 1 1 1 1 1 1 1 1 1 1 1 1 1 1 1 1 1 1 1 1 1 1 1 1 1 1 1 1 1 1 1 1 1 1 1 1 1 1 1 1 1 1 1 1 1 1 1 1 1 1 1 1 1 1 1 1 1 1 1 1 1 1 1 1 1 1 1 1 1 1 1 1 1 1 1 1 1 1 1 1 1 1 1 1 1 1 1 1 1 1 1 1 1 1 1 1 1 1 1 1 1 1 1 1 1 1 1 1 1 1 1 1 1 1 1 1 1 1 1 1 1 1 1 1 1 1 1 1 1 1 1 1 1 1 1 1 1 1 1 1 1 1 1 1 1 1 1 1 1 1 1 1 1 1 1 1 1 1 1 1 1 1 1 1 1 1 1 1 1 1 1 1 1 1 1 1 1 1 1 1 1 1 1 1 1 1 1 1 1 1 1 1 1 1 1 1 1 1 1 1 1 1 1 1 1 1 1 1 1 1 1 1 1 1 1 1 1 1 1 1 1 1 1 1 1 1 1 1 1 1 1 1 1 1 1 1 1 1 1 1 1 1 1 1 1 1 1 1 1 1 1 1 1 1 1 1 1 1 1 1 1 1 1 1 1 1 1 1 1 1 1 1 1 1 1 1 1 1 1 1 1 1 1 1 1 1 1 1 1 1 1 1 1 1 1 1 1 1 1 1 1 1 1 1 1 1 1 1 1 1 1 1 1 1 1 1 1 1 1 1 1 1 1 1 1 1 1 1 1 1 1 1 1 1 1 1 1 1 1 1 1 1 1 1 1 1 1 1 1 1 1 1 1 1 1 1 1 1 1 1 1 1 1 1 1 1 1 1 1 1 1 1 1 1 1 1 1 1 1 1 1 1 1 1 1 1 1 1 1 1 1 1 1 1 1 1 1 1 1 1 1 1 1 1 1 1 1 1 1 1 1 1 1 1 1 1 1 1 1 1 1 1 1 1 1 1 1 1 1 1 1 1 1 1 1 1 1 1 1 1 1 1 1 1 1 1 1 1 1 1 1 1 1 1 1 1 1 1 1 1 1 1 1 1 1 1 1 1 1 1 1 1 1 1 1 1 1 1 1 1 1 1 1 1 1 1 1 1 1 1 1 1 1 1 1 1 1 1 1 1 1 1 1 1 1 1 1 1 1 1 1 1 1 1 1 1 1 1 1 1 1 1 1 1 1 1 1 1 1 1 1 1 1 1 1 1 1 1 1 1 1 1 1 1 1 1 1 1 1 1 1 1 1 1 1 1 1 1 1 1 1 1 1 1 1 1 1 1 1 1 1 1 1 1 1 1 1 1 1 1 1 1 1 1 1 1 1 1 1 1 1 1 1 1 1 1 1 1 1 1 1 1 1 1 1 1 1 1 1 1 1 1 1 1 1 1 1 1 1 1 1 1 1 1 1 1 1 1 1 1 1 1 1 1 1 1 1 1 1 1 1 1 1 1 1 1 1 1 1 1 1 1 1 1 1 1 1 1 1 1 1 1 1 1 1 1 1 1 1 1 1 1 1 1 1 1 1 1 1 1 1 1 1 1 1 1 1 1 1 1 1 1 1 1 1 1 1 1 1 1 1 1 1 1 1 1 1 1 1 1 1 1 1 1 1 1 1 1 1 1 1 1 1 1 1 1 1 1 1 1 1 1 1 1 1 1 1 1 1 1 1 1 1 1 1 1 1 1 1 1 1 1 1 1 1 1 1 1 1 1 1 1 1 1 1 1 1 1 1 1 1 1 1 1 1 1 1 1 1 1 1 1 1 1 1 1 1 1 1 1 1 1 1 1 1 1 1 1 1 1 1 1 1 1 1 1 1 1 1 1 1 1 1 1 1 1 1 1 1 1 1 1 1 1 1 1 1 1 1 1 1 1 1 1 1 1 1 1 1 1 1 1 1 1 1 1 1 1 1 1 1 1 1 1 1 1 1 1 1 1 1 1 1 1 1 1 1 1 1 1 1 1 1 1 1 1 1 1 1 1 1 1 1 1 1 1 1 1 1 1 1 1 1 1 1 1 1 1 1 1 1 1 1 1 1 1 1 1 1 1 1 1 1 1 1 1 1 1 1 1 1 1 1 1 1 1 1 1 1 1 1 1 1 1 1 1 1 1 1 1 1 1 1 1 1 1 1 1 1 1 1 1 1 1 1 1 1 1 1 1 1 1 1 1 1 1 1 1 1 1 1 1 1 1 1 1 1 1 1 1 1 1 1 1 1 1 1 1 1 1 1 1 1 1 1 1 1 1 1 1 1 1 1 1 1 1 1 1 1 1 1 1 1 1 1 1 1 1 1 1 1 1 1 1 1 1 1 1 1 1 1 1 1 1 1 1 1 1 1 1 1 1 1 1 1 1 1 1 1</float_array>
          <technique_common>
            <accessor source="#geom-horn_VIS_O_OBJShape-map-2-array" count="576" stride="3">
              <param name="R" type="float"/>
              <param name="G" type="float"/>
              <param name="B" type="float"/>
            </accessor>
          </technique_common>
        </source>
        <source id="geom-horn_VIS_O_OBJShape-map0">
          <float_array id="geom-horn_VIS_O_OBJShape-map0-array" count="1728">0.5019608 0.5019608 0.5019608 0.5019608 0.5019608 0.5019608 0.5019608 0.5019608 0.5019608 0.5019608 0.5019608 0.5019608 0.5019608 0.5019608 0.5019608 0.5019608 0.5019608 0.5019608 0.5019608 0.5019608 0.5019608 0.5019608 0.5019608 0.5019608 0.5019608 0.5019608 0.5019608 0.5019608 0.5019608 0.5019608 0.5019608 0.5019608 0.5019608 0.5019608 0.5019608 0.5019608 0.5019608 0.5019608 0.5019608 0.5019608 0.5019608 0.5019608 0.5019608 0.5019608 0.5019608 0.5019608 0.5019608 0.5019608 0.5019608 0.5019608 0.5019608 0.5019608 0.5019608 0.5019608 0.5019608 0.5019608 0.5019608 0.5019608 0.5019608 0.5019608 0.5019608 0.5019608 0.5019608 0.5019608 0.5019608 0.5019608 0.5019608 0.5019608 0.5019608 0.5019608 0.5019608 0.5019608 0.5019608 0.5019608 0.5019608 0.5019608 0.5019608 0.5019608 0.5019608 0.5019608 0.5019608 0.5019608 0.5019608 0.5019608 0.5019608 0.5019608 0.5019608 0.5019608 0.5019608 0.5019608 0.5019608 0.5019608 0.5019608 0.5019608 0.5019608 0.5019608 0.5019608 0.5019608 0.5019608 0.5019608 0.5019608 0.5019608 0.5019608 0.5019608 0.5019608 0.5019608 0.5019608 0.5019608 0.5019608 0.5019608 0.5019608 0.5019608 0.5019608 0.5019608 0.5019608 0.5019608 0.5019608 0.5019608 0.5019608 0.5019608 0.5019608 0.5019608 0.5019608 0.5019608 0.5019608 0.5019608 0.5019608 0.5019608 0.5019608 0.5019608 0.5019608 0.5019608 0.5019608 0.5019608 0.5019608 0.5019608 0.5019608 0.5019608 0.5019608 0.5019608 0.5019608 0.5019608 0.5019608 0.5019608 0.5019608 0.5019608 0.5019608 0.5019608 0.5019608 0.5019608 0.5019608 0.5019608 0.5019608 0.5019608 0.5019608 0.5019608 0.5019608 0.5019608 0.5019608 0.5019608 0.5019608 0.5019608 0.5019608 0.5019608 0.5019608 0.5019608 0.5019608 0.5019608 0.5019608 0.5019608 0.5019608 0.5019608 0.5019608 0.5019608 0.5019608 0.5019608 0.5019608 0.5019608 0.5019608 0.5019608 0.5019608 0.5019608 0.5019608 0.5019608 0.5019608 0.5019608 0.5019608 0.5019608 0.5019608 0.5019608 0.5019608 0.5019608 0.5019608 0.5019608 0.5019608 0.5019608 0.5019608 0.5019608 0.5019608 0.5019608 0.5019608 0.5019608 0.5019608 0.5019608 0.5019608 0.5019608 0.5019608 0.5019608 0.5019608 0.5019608 0.5019608 0.5019608 0.5019608 0.5019608 0.5019608 0.5019608 0.5019608 0.5019608 0.5019608 0.5019608 0.5019608 0.5019608 0.5019608 0.5019608 0.5019608 0.5019608 0.5019608 0.5019608 0.5019608 0.5019608 0.5019608 0.5019608 0.5019608 0.5019608 0.5019608 0.5019608 0.5019608 0.5019608 0.5019608 0.5019608 0.5019608 0.5019608 0.5019608 0.5019608 0.5019608 0.5019608 0.5019608 0.5019608 0.5019608 0.5019608 0.5019608 0.5019608 0.5019608 0.5019608 0.5019608 0.5019608 0.5019608 0.5019608 0.5019608 0.5019608 0.5019608 0.5019608 0.5019608 0.5019608 0.5019608 0.5019608 0.5019608 0.5019608 0.5019608 0.5019608 0.5019608 0.5019608 0.5019608 0.5019608 0.5019608 0.5019608 0.5019608 0.5019608 0.5019608 0.5019608 0.5019608 0.5019608 0.5019608 0.5019608 0.5019608 0.5019608 0.5019608 0.5019608 0.5019608 0.5019608 0.5019608 0.5019608 0.5019608 0.5019608 0.5019608 0.5019608 0.5019608 0.5019608 0.5019608 0.5019608 0.5019608 0.5019608 0.5019608 0.5019608 0.5019608 0.5019608 0.5019608 0.5019608 0.5019608 0.5019608 0.5019608 0.5019608 0.5019608 0.5019608 0.5019608 0.5019608 0.5019608 0.5019608 0.5019608 0.5019608 0.5019608 0.5019608 0.5019608 0.5019608 0.5019608 0.5019608 0.5019608 0.5019608 0.5019608 0.5019608 0.5019608 0.5019608 0.5019608 0.5019608 0.5019608 0.5019608 0.5019608 0.5019608 0.5019608 0.5019608 0.5019608 0.5019608 0.5019608 0.5019608 0.5019608 0.5019608 0.5019608 0.5019608 0.5019608 0.5019608 0.5019608 0.5019608 0.5019608 0.5019608 0.5019608 0.5019608 0.5019608 0.5019608 0.5019608 0.5019608 0.5019608 0.5019608 0.5019608 0.5019608 0.5019608 0.5019608 0.5019608 0.5019608 0.5019608 0.5019608 0.5019608 0.5019608 0.5019608 0.5019608 0.5019608 0.5019608 0.5019608 0.5019608 0.5019608 0.5019608 0.5019608 0.5019608 0.5019608 0.5019608 0.5019608 0.5019608 0.5019608 0.5019608 0.5019608 0.5019608 0.5019608 0.5019608 0.5019608 0.5019608 0.5019608 0.5019608 0.5019608 0.5019608 0.5019608 0.5019608 0.5019608 0.5019608 0.5019608 0.5019608 0.5019608 0.5019608 0.5019608 0.5019608 0.5019608 0.5019608 0.5019608 0.5019608 0.5019608 0.5019608 0.5019608 0.5019608 0.5019608 0.5019608 0.5019608 0.5019608 0.5019608 0.5019608 0.5019608 0.5019608 0.5019608 0.5019608 0.5019608 0.5019608 0.5019608 0.5019608 0.5019608 0.5019608 0.5019608 0.5019608 0.5019608 0.5019608 0.5019608 0.5019608 0.5019608 0.5019608 0.5019608 0.5019608 0.5019608 0.5019608 0.5019608 0.5019608 0.5019608 0.5019608 0.5019608 0.5019608 0.5019608 0.5019608 0.5019608 0.5019608 0.5019608 0.5019608 0.5019608 0.5019608 0.5019608 0.5019608 0.5019608 0.5019608 0.5019608 0.5019608 0.5019608 0.5019608 0.5019608 0.5019608 0.5019608 0.5019608 0.5019608 0.5019608 0.5019608 0.5019608 0.5019608 0.5019608 0.5019608 0.5019608 0.5019608 0.5019608 0.5019608 0.5019608 0.5019608 0.5019608 0.5019608 0.5019608 0.5019608 0.5019608 0.5019608 0.5019608 0.5019608 0.5019608 0.5019608 0.5019608 0.5019608 0.5019608 0.5019608 0.5019608 0.5019608 0.5019608 0.5019608 0.5019608 0.5019608 0.5019608 0.5019608 0.5019608 0.5019608 0.5019608 0.5019608 0.5019608 0.5019608 0.5019608 0.5019608 0.5019608 0.5019608 0.5019608 0.5019608 0.5019608 0.5019608 0.5019608 0.5019608 0.5019608 0.5019608 0.5019608 0.5019608 0.5019608 0.5019608 0.5019608 0.5019608 0.5019608 0.5019608 0.5019608 0.5019608 0.5019608 0.5019608 0.5019608 0.5019608 0.5019608 0.5019608 0.5019608 0.5019608 0.5019608 0.5019608 0.5019608 0.5019608 0.5019608 0.5019608 0.5019608 0.5019608 0.5019608 0.5019608 0.5019608 0.5019608 0.5019608 0.5019608 0.5019608 0.5019608 0.5019608 0.5019608 0.5019608 0.5019608 0.5019608 0.5019608 0.5019608 0.5019608 0.5019608 0.5019608 0.5019608 0.5019608 0.5019608 0.5019608 0.5019608 0.5019608 0.5019608 0.5019608 0.5019608 0.5019608 0.5019608 0.5019608 0.5019608 0.5019608 0.5019608 0.5019608 0.5019608 0.5019608 0.5019608 0.5019608 0.5019608 0.5019608 0.5019608 0.5019608 0.5019608 0.5019608 0.5019608 0.5019608 0.5019608 0.5019608 0.5019608 0.5019608 0.5019608 0.5019608 0.5019608 0.5019608 0.5019608 0.5019608 0.5019608 0.5019608 0.5019608 0.5019608 0.5019608 0.5019608 0.5019608 0.5019608 0.5019608 0.5019608 0.5019608 0.5019608 0.5019608 0.5019608 0.5019608 0.5019608 0.5019608 0.5019608 0.5019608 0.5019608 0.5019608 0.5019608 0.5019608 0.5019608 0.5019608 0.5019608 0.5019608 0.5019608 0.5019608 0.5019608 0.5019608 0.5019608 0.5019608 0.5019608 0.5019608 0.5019608 0.5019608 0.5019608 0.5019608 0.5019608 0.5019608 0.5019608 0.5019608 0.5019608 0.5019608 0.5019608 0.5019608 0.5019608 0.5019608 0.5019608 0.5019608 0.5019608 0.5019608 0.5019608 0.5019608 0.5019608 0.5019608 0.5019608 0.5019608 0.5019608 0.5019608 0.5019608 0.5019608 0.5019608 0.5019608 0.5019608 0.5019608 0.5019608 0.5019608 0.5019608 0.5019608 0.5019608 0.5019608 0.5019608 0.5019608 0.5019608 0.5019608 0.5019608 0.5019608 0.5019608 0.5019608 0.5019608 0.5019608 0.5019608 0.5019608 0.5019608 0.5019608 0.5019608 0.5019608 0.5019608 0.5019608 0.5019608 0.5019608 0.5019608 0.5019608 0.5019608 0.5019608 0.5019608 0.5019608 0.5019608 0.5019608 0.5019608 0.5019608 0.5019608 0.5019608 0.5019608 0.5019608 0.5019608 0.5019608 0.5019608 0.5019608 0.5019608 0.5019608 0.5019608 0.5019608 0.5019608 0.5019608 0.5019608 0.5019608 0.5019608 0.5019608 0.5019608 0.5019608 0.5019608 0.5019608 0.5019608 0.5019608 0.5019608 0.5019608 0.5019608 0.5019608 0.5019608 0.5019608 0.5019608 0.5019608 0.5019608 0.5019608 0.5019608 0.5019608 0.5019608 0.5019608 0.5019608 0.5019608 0.5019608 0.5019608 0.5019608 0.5019608 0.5019608 0.5019608 0.5019608 0.5019608 0.5019608 0.5019608 0.5019608 0.5019608 0.5019608 0.5019608 0.5019608 0.5019608 0.5019608 0.5019608 0.5019608 0.5019608 0.5019608 0.5019608 0.5019608 0.5019608 0.5019608 0.5019608 0.5019608 0.5019608 0.5019608 0.5019608 0.5019608 0.5019608 0.5019608 0.5019608 0.5019608 0.5019608 0.5019608 0.5019608 0.5019608 0.5019608 0.5019608 0.5019608 0.5019608 0.5019608 0.5019608 0.5019608 0.5019608 0.5019608 0.5019608 0.5019608 0.5019608 0.5019608 0.5019608 0.5019608 0.5019608 0.5019608 0.5019608 0.5019608 0.5019608 0.5019608 0.5019608 0.5019608 0.5019608 0.5019608 0.5019608 0.5019608 0.5019608 0.5019608 0.5019608 0.5019608 0.5019608 0.5019608 0.5019608 0.5019608 0.5019608 0.5019608 0.5019608 0.5019608 0.5019608 0.5019608 0.5019608 0.5019608 0.5019608 0.5019608 0.5019608 0.5019608 0.5019608 0.5019608 0.5019608 0.5019608 0.5019608 0.5019608 0.5019608 0.5019608 0.5019608 0.5019608 0.5019608 0.5019608 0.5019608 0.5019608 0.5019608 0.5019608 0.5019608 0.5019608 0.5019608 0.5019608 0.5019608 0.5019608 0.5019608 0.5019608 0.5019608 0.5019608 0.5019608 0.5019608 0.5019608 0.5019608 0.5019608 0.5019608 0.5019608 0.5019608 0.5019608 0.5019608 0.5019608 0.5019608 0.5019608 0.5019608 0.5019608 0.5019608 0.5019608 0.5019608 0.5019608 0.5019608 0.5019608 0.5019608 0.5019608 0.5019608 0.5019608 0.5019608 0.5019608 0.5019608 0.5019608 0.5019608 0.5019608 0.5019608 0.5019608 0.5019608 0.5019608 0.5019608 0.5019608 0.5019608 0.5019608 0.5019608 0.5019608 0.5019608 0.5019608 0.5019608 0.5019608 0.5019608 0.5019608 0.5019608 0.5019608 0.5019608 0.5019608 0.5019608 0.5019608 0.5019608 0.5019608 0.5019608 0.5019608 0.5019608 0.5019608 0.5019608 0.5019608 0.5019608 0.5019608 0.5019608 0.5019608 0.5019608 0.5019608 0.5019608 0.5019608 0.5019608 0.5019608 0.5019608 0.5019608 0.5019608 0.5019608 0.5019608 0.5019608 0.5019608 0.5019608 0.5019608 0.5019608 0.5019608 0.5019608 0.5019608 0.5019608 0.5019608 0.5019608 0.5019608 0.5019608 0.5019608 0.5019608 0.5019608 0.5019608 0.5019608 0.5019608 0.5019608 0.5019608 0.5019608 0.5019608 0.5019608 0.5019608 0.5019608 0.5019608 0.5019608 0.5019608 0.5019608 0.5019608 0.5019608 0.5019608 0.5019608 0.5019608 0.5019608 0.5019608 0.5019608 0.5019608 0.5019608 0.5019608 0.5019608 0.5019608 0.5019608 0.5019608 0.5019608 0.5019608 0.5019608 0.5019608 0.5019608 0.5019608 0.5019608 0.5019608 0.5019608 0.5019608 0.5019608 0.5019608 0.5019608 0.5019608 0.5019608 0.5019608 0.5019608 0.5019608 0.5019608 0.5019608 0.5019608 0.5019608 0.5019608 0.5019608 0.5019608 0.5019608 0.5019608 0.5019608 0.5019608 0.5019608 0.5019608 0.5019608 0.5019608 0.5019608 0.5019608 0.5019608 0.5019608 0.5019608 0.5019608 0.5019608 0.5019608 0.5019608 0.5019608 0.5019608 0.5019608 0.5019608 0.5019608 0.5019608 0.5019608 0.5019608 0.5019608 0.5019608 0.5019608 0.5019608 0.5019608 0.5019608 0.5019608 0.5019608 0.5019608 0.5019608 0.5019608 0.5019608 0.5019608 0.5019608 0.5019608 0.5019608 0.5019608 0.5019608 0.5019608 0.5019608 0.5019608 0.5019608 0.5019608 0.5019608 0.5019608 0.5019608 0.5019608 0.5019608 0.5019608 0.5019608 0.5019608 0.5019608 0.5019608 0.5019608 0.5019608 0.5019608 0.5019608 0.5019608 0.5019608 0.5019608 0.5019608 0.5019608 0.5019608 0.5019608 0.5019608 0.5019608 0.5019608 0.5019608 0.5019608 0.5019608 0.5019608 0.5019608 0.5019608 0.5019608 0.5019608 0.5019608 0.5019608 0.5019608 0.5019608 0.5019608 0.5019608 0.5019608 0.5019608 0.5019608 0.5019608 0.5019608 0.5019608 0.5019608 0.5019608 0.5019608 0.5019608 0.5019608 0.5019608 0.5019608 0.5019608 0.5019608 0.5019608 0.5019608 0.5019608 0.5019608 0.5019608 0.5019608 0.5019608 0.5019608 0.5019608 0.5019608 0.5019608 0.5019608 0.5019608 0.5019608 0.5019608 0.5019608 0.5019608 0.5019608 0.5019608 0.5019608 0.5019608 0.5019608 0.5019608 0.5019608 0.5019608 0.5019608 0.5019608 0.5019608 0.5019608 0.5019608 0.5019608 0.5019608 0.5019608 0.5019608 0.5019608 0.5019608 0.5019608 0.5019608 0.5019608 0.5019608 0.5019608 0.5019608 0.5019608 0.5019608 0.5019608 0.5019608 0.5019608 0.5019608 0.5019608 0.5019608 0.5019608 0.5019608 0.5019608 0.5019608 0.5019608 0.5019608 0.5019608 0.5019608 0.5019608 0.5019608 0.5019608 0.5019608 0.5019608 0.5019608 0.5019608 0.5019608 0.5019608 0.5019608 0.5019608 0.5019608 0.5019608 0.5019608 0.5019608 0.5019608 0.5019608 0.5019608 0.5019608 0.5019608 0.5019608 0.5019608 0.5019608 0.5019608 0.5019608 0.5019608 0.5019608 0.5019608 0.5019608 0.5019608 0.5019608 0.5019608 0.5019608 0.5019608 0.5019608 0.5019608 0.5019608 0.5019608 0.5019608 0.5019608 0.5019608 0.5019608 0.5019608 0.5019608 0.5019608 0.5019608 0.5019608 0.5019608 0.5019608 0.5019608 0.5019608 0.5019608 0.5019608 0.5019608 0.5019608 0.5019608 0.5019608 0.5019608 0.5019608 0.5019608 0.5019608 0.5019608 0.5019608 0.5019608 0.5019608 0.5019608 0.5019608 0.5019608 0.5019608 0.5019608 0.5019608 0.5019608 0.5019608 0.5019608 0.5019608 0.5019608 0.5019608 0.5019608 0.5019608 0.5019608 0.5019608 0.5019608 0.5019608 0.5019608 0.5019608 0.5019608 0.5019608 0.5019608 0.5019608 0.5019608 0.5019608 0.5019608 0.5019608 0.5019608 0.5019608 0.5019608 0.5019608 0.5019608 0.5019608 0.5019608 0.5019608 0.5019608 0.5019608 0.5019608 0.5019608 0.5019608 0.5019608 0.5019608 0.5019608 0.5019608 0.5019608 0.5019608 0.5019608 0.5019608 0.5019608 0.5019608 0.5019608 0.5019608 0.5019608 0.5019608 0.5019608 0.5019608 0.5019608 0.5019608 0.5019608 0.5019608 0.5019608 0.5019608 0.5019608 0.5019608 0.5019608 0.5019608 0.5019608 0.5019608 0.5019608 0.5019608 0.5019608 0.5019608 0.5019608 0.5019608 0.5019608 0.5019608 0.5019608 0.5019608 0.5019608 0.5019608 0.5019608 0.5019608 0.5019608 0.5019608 0.5019608 0.5019608 0.5019608 0.5019608 0.5019608 0.5019608 0.5019608 0.5019608 0.5019608 0.5019608 0.5019608 0.5019608 0.5019608 0.5019608 0.5019608 0.5019608 0.5019608 0.5019608 0.5019608 0.5019608 0.5019608 0.5019608 0.5019608 0.5019608 0.5019608 0.5019608 0.5019608 0.5019608 0.5019608 0.5019608 0.5019608 0.5019608 0.5019608 0.5019608 0.5019608 0.5019608 0.5019608 0.5019608 0.5019608 0.5019608 0.5019608 0.5019608 0.5019608 0.5019608 0.5019608 0.5019608 0.5019608 0.5019608 0.5019608 0.5019608 0.5019608 0.5019608 0.5019608 0.5019608 0.5019608 0.5019608 0.5019608 0.5019608 0.5019608 0.5019608 0.5019608 0.5019608 0.5019608 0.5019608 0.5019608 0.5019608 0.5019608 0.5019608 0.5019608 0.5019608 0.5019608 0.5019608 0.5019608 0.5019608 0.5019608 0.5019608 0.5019608 0.5019608 0.5019608 0.5019608 0.5019608 0.5019608 0.5019608 0.5019608 0.5019608 0.5019608 0.5019608 0.5019608 0.5019608 0.5019608 0.5019608 0.5019608 0.5019608 0.5019608 0.5019608 0.5019608 0.5019608 0.5019608 0.5019608 0.5019608 0.5019608 0.5019608 0.5019608 0.5019608 0.5019608 0.5019608 0.5019608 0.5019608 0.5019608 0.5019608 0.5019608 0.5019608 0.5019608 0.5019608 0.5019608 0.5019608 0.5019608 0.5019608 0.5019608 0.5019608 0.5019608 0.5019608 0.5019608 0.5019608 0.5019608 0.5019608 0.5019608 0.5019608 0.5019608 0.5019608 0.5019608 0.5019608 0.5019608 0.5019608 0.5019608 0.5019608 0.5019608 0.5019608 0.5019608 0.5019608 0.5019608 0.5019608 0.5019608 0.5019608 0.5019608 0.5019608 0.5019608 0.5019608 0.5019608 0.5019608 0.5019608 0.5019608 0.5019608 0.5019608 0.5019608 0.5019608 0.5019608 0.5019608 0.5019608 0.5019608 0.5019608 0.5019608 0.5019608 0.5019608 0.5019608 0.5019608 0.5019608 0.5019608 0.5019608 0.5019608 0.5019608 0.5019608 0.5019608 0.5019608 0.5019608 0.5019608 0.5019608 0.5019608 0.5019608 0.5019608 0.5019608 0.5019608 0.5019608 0.5019608 0.5019608 0.5019608 0.5019608 0.5019608 0.5019608 0.5019608 0.5019608 0.5019608 0.5019608 0.5019608 0.5019608 0.5019608 0.5019608 0.5019608 0.5019608 0.5019608 0.5019608 0.5019608 0.5019608 0.5019608 0.5019608 0.5019608 0.5019608 0.5019608 0.5019608 0.5019608 0.5019608 0.5019608 0.5019608 0.5019608 0.5019608 0.5019608 0.5019608 0.5019608 0.5019608 0.5019608 0.5019608 0.5019608 0.5019608 0.5019608 0.5019608 0.5019608 0.5019608 0.5019608 0.5019608 0.5019608 0.5019608 0.5019608 0.5019608 0.5019608 0.5019608 0.5019608 0.5019608 0.5019608 0.5019608 0.5019608 0.5019608 0.5019608 0.5019608 0.5019608 0.5019608 0.5019608 0.5019608 0.5019608 0.5019608 0.5019608 0.5019608 0.5019608 0.5019608 0.5019608 0.5019608 0.5019608 0.5019608 0.5019608 0.5019608 0.5019608 0.5019608 0.5019608 0.5019608 0.5019608 0.5019608 0.5019608 0.5019608 0.5019608 0.5019608 0.5019608 0.5019608 0.5019608 0.5019608 0.5019608 0.5019608 0.5019608 0.5019608 0.5019608 0.5019608 0.5019608 0.5019608 0.5019608 0.5019608 0.5019608 0.5019608 0.5019608 0.5019608 0.5019608 0.5019608 0.5019608 0.5019608 0.5019608 0.5019608 0.5019608 0.5019608 0.5019608 0.5019608 0.5019608 0.5019608 0.5019608 0.5019608 0.5019608 0.5019608 0.5019608 0.5019608 0.5019608 0.5019608 0.5019608 0.5019608 0.5019608 0.5019608 0.5019608 0.5019608 0.5019608 0.5019608 0.5019608 0.5019608 0.5019608 0.5019608 0.5019608 0.5019608 0.5019608 0.5019608 0.5019608 0.5019608 0.5019608 0.5019608 0.5019608 0.5019608 0.5019608 0.5019608 0.5019608 0.5019608 0.5019608 0.5019608 0.5019608 0.5019608 0.5019608 0.5019608 0.5019608 0.5019608 0.5019608 0.5019608 0.5019608 0.5019608 0.5019608 0.5019608 0.5019608 0.5019608 0.5019608 0.5019608 0.5019608 0.5019608 0.5019608 0.5019608 0.5019608 0.5019608 0.5019608 0.5019608 0.5019608 0.5019608 0.5019608 0.5019608 0.5019608 0.5019608 0.5019608 0.5019608 0.5019608 0.5019608 0.5019608 0.5019608 0.5019608 0.5019608 0.5019608 0.5019608 0.5019608 0.5019608 0.5019608 0.5019608 0.5019608 0.5019608 0.5019608 0.5019608 0.5019608 0.5019608 0.5019608 0.5019608 0.5019608 0.5019608 0.5019608 0.5019608 0.5019608 0.5019608 0.5019608 0.5019608 0.5019608 0.5019608 0.5019608 0.5019608 0.5019608 0.5019608 0.5019608 0.5019608 0.5019608 0.5019608 0.5019608 0.5019608 0.5019608 0.5019608 0.5019608 0.5019608 0.5019608 0.5019608</float_array>
          <technique_common>
            <accessor source="#geom-horn_VIS_O_OBJShape-map0-array" count="576" stride="3">
              <param name="R" type="float"/>
              <param name="G" type="float"/>
              <param name="B" type="float"/>
            </accessor>
          </technique_common>
        </source>
        <source id="geom-horn_VIS_O_OBJShape-map1">
          <float_array id="geom-horn_VIS_O_OBJShape-map1-array" count="1728">0.5854492 0.5522461 0 0.7426758 0.970047 0 0.5380859 0.5522461 0 0.6367188 0.5522461 0 0.6884766 0.5522461 0 0.7426758 0.5522461 0 0.9003906 0.5522461 0 0.9501953 0.5522461 0 0.4611816 0.05419922 0 0.4611816 0.06347656 0 0.4318848 0.05419922 0 0.4318848 0.06347656 0 0.4611816 0.04736328 0 0.4318848 0.04736328 0 0.2023926 0.9012451 0 0.2469482 0.9161987 0 0.2069092 0.9419861 0 0.1268311 0.9011841 0 0.07897949 0.9140625 0 0.09625244 0.8693848 0 0.08380127 0.0859375 0 0.05422974 0.06347656 0 0.08380127 0.06347656 0 0.02244568 0.0859375 0 0.05422974 0.05419922 0 0.08380127 0.05419922 0 0.05422974 0.04736328 0 0.08380127 0.04736328 0 0.9282227 0.2617187 0 0.9003906 0.2792969 0 0.9003906 0.2617187 0 0.953125 0.2792969 0 0.1424561 0.0859375 0 0.1135864 0.06347656 0 0.1424561 0.06347656 0 0.2019043 0.0859375 0 0.1734619 0.06347656 0 0.2019043 0.06347656 0 0.2580566 0.0859375 0 0.2320557 0.06347656 0 0.2580566 0.06347656 0 0.3168945 0.0859375 0 0.2885742 0.06347656 0 0.3168945 0.06347656 0 0.3742676 0.0859375 0 0.3457031 0.06347656 0 0.3742676 0.06347656 0 0.4318848 0.0859375 0 0.4025879 0.06347656 0 0.4907227 0.0859375 0 0.4907227 0.06347656 0 0.8735352 0.2617187 0 0.8476563 0.2792969 0 0.8476563 0.2617187 0 0.6884766 0.4160156 0 0.6367188 0.4160156 0 0.9003906 0.3393555 0 0.953125 0.3393555 0 0.9003906 0.4160156 0 0.953125 0.4160156 0 0.5854492 0.4160156 0 0.6367188 0.3393555 0 0.5854492 0.3393555 0 0.5351563 0.3393555 0 0.5351563 0.4160156 0 0.7426758 0.3393555 0 0.7944336 0.3393555 0 0.7426758 0.4160156 0 0.7944336 0.4160156 0 0.6884766 0.3393555 0 0.7944336 0.5522461 0 0.8476563 0.5522461 0 0.8476563 0.4160156 0 0.8476563 0.3393555 0 0.7421875 0.2792969 0 0.6884766 0.2792969 0 0.1135864 0.05419922 0 0.1424561 0.05419922 0 0.7158203 0.2617187 0 0.7421875 0.2617187 0 0.1135864 0.04736328 0 0.1424561 0.04736328 0 0.02244568 0.04736328 0 0.02244568 0.05419922 0 0.8212891 0.2617187 0 0.7944336 0.2792969 0 0.1734619 0.04736328 0 0.1734619 0.05419922 0 0.953125 0.2617187 0 0.7944336 0.2617187 0 0.02244568 0.06347656 0 0.4907227 0.05419922 0 0.4907227 0.04736328 0 0.5854492 0.2792969 0 0.6367188 0.2792969 0 0.2019043 0.05419922 0 0.2320557 0.05419922 0 0.2580566 0.05419922 0 0.2320557 0.04736328 0 0.2580566 0.04736328 0 0.5351563 0.2792969 0 0.559082 0.2617187 0 0.6103516 0.2617187 0 0.6367188 0.2617187 0 0.4025879 0.05419922 0 0.3742676 0.05419922 0 0.4025879 0.04736328 0 0.3742676 0.04736328 0 0.7700195 0.2617187 0 0.2019043 0.2329102 0 0.1424561 0.2329102 0 0.6625977 0.2617187 0 0.3457031 0.05419922 0 0.3457031 0.04736328 0 0.2885742 0.05419922 0 0.2885742 0.04736328 0 0.2019043 0.04736328 0 0.3168945 0.05419922 0 0.2580566 0.2329102 0 0.3168945 0.04736328 0 0.6884766 0.2617187 0 0.02244568 0.2329102 0 0.08380127 0.2329102 0 0.1424561 0.3920898 0 0.08380127 0.3920898 0 0.08380127 0.5493164 0 0.08380127 0.7935791 0 0.02244568 0.5493164 0 0.02244568 0.7935791 0 0.02244568 0.3920898 0 0.1424561 0.5493164 0 0.1424561 0.7935791 0 0.2019043 0.3920898 0 0.2019043 0.5493164 0 0.2019043 0.7935791 0 0.4318848 0.5493164 0 0.4907227 0.5493164 0 0.4318848 0.7935791 0 0.4907227 0.7935791 0 0.4318848 0.3920898 0 0.4907227 0.3920898 0 0.3742676 0.3920898 0 0.3742676 0.5493164 0 0.3168945 0.3920898 0 0.3168945 0.5493164 0 0.5854492 0.2617187 0 0.3168945 0.2329102 0 0.2580566 0.3920898 0 0.2580566 0.5493164 0 0.3742676 0.2329102 0 0.4318848 0.2329102 0 0.4907227 0.2329102 0 0.5351563 0.2617187 0 0.3742676 0.7935791 0 0.3168945 0.7935791 0 0.2580566 0.7935791 0 0.5878906 0.05224609 0 0.5776367 0.07128906 0 0.5776367 0.05224609 0 0.5878906 0.09082031 0 0.5668945 0.07128906 0 0.5668945 0.05224609 0 0.5166016 0.07128906 0 0.5166016 0.05224609 0 0.2316895 0.8731689 0 0.2436523 0.8291016 0 0.2731934 0.8762817 0 0.2844238 0.8291016 0 0.4714355 0.8731689 0 0.402832 0.8306885 0 0.4833984 0.8306885 0 0.4421387 0.9012451 0 0.4018555 0.9104004 0 0.1621094 0.9104004 0 0.1622314 0.9517517 0 0.5668945 0.1098633 0 0.5668945 0.1289062 0 0.5166016 0.1098633 0 0.5166016 0.1289062 0 0.5776367 0.1098633 0 0.5776367 0.1289062 0 0.5878906 0.1289062 0 0.5776367 0.1479492 0 0.5878906 0.1674805 0 0.5776367 0.1674805 0 0.5668945 0.1479492 0 0.5166016 0.1479492 0 0.1184692 0.9410095 0 0.3666992 0.9011841 0 0.3359375 0.8693848 0 0.3256836 0.8306885 0 0.05349731 0.8753052 0 0.0859375 0.8291016 0 0.04318237 0.8291016 0 0.5668945 0.1860352 0 0.5668945 0.2055664 0 0.5166016 0.1860352 0 0.5166016 0.2055664 0 0.5776367 0.1860352 0 0.5776367 0.2055664 0 0.5878906 0.2055664 0 0.8413086 0.09082031 0 0.9394531 0.07080078 0 0.9394531 0.09082031 0 0.9575195 0.05224609 0 0.9575195 0.07080078 0 0.9394531 0.05224609 0 0.9394531 0.1098633 0 0.9575195 0.09082031 0 0.9575195 0.1098633 0 0.9394531 0.1479492 0 0.8413086 0.1289062 0 0.9394531 0.1289062 0 0.9575195 0.1289062 0 0.9575195 0.1479492 0 0.9394531 0.1860352 0 0.8413086 0.1674805 0 0.9394531 0.1674805 0 0.9575195 0.1674805 0 0.9575195 0.1860352 0 0.8413086 0.05224609 0 0.8413086 0.2055664 0 0.9394531 0.2055664 0 0.9575195 0.2055664 0 0.8203125 0.05224609 0 0.8203125 0.09082031 0 0.8203125 0.1289062 0 0.7490234 0.1674805 0 0.7680664 0.1674805 0 0.7490234 0.2055664 0 0.7680664 0.2055664 0 0.8203125 0.1674805 0 0.8203125 0.2055664 0 0.7680664 0.05224609 0 0.7680664 0.09082031 0 0.7680664 0.1289062 0 0.7490234 0.05224609 0 0.7490234 0.09082031 0 0.7490234 0.1289062 0 0.7314453 0.09082031 0 0.7314453 0.05224609 0 0.7314453 0.1289062 0 0.7314453 0.1674805 0 0.7314453 0.2055664 0 0.7084961 0.1674805 0 0.7084961 0.2055664 0 0.7084961 0.1289062 0 0.7084961 0.09082031 0 0.7084961 0.05224609 0 0.6850586 0.1674805 0 0.6850586 0.2055664 0 0.6850586 0.09082031 0 0.6850586 0.1289062 0 0.6650391 0.09082031 0 0.6650391 0.1289062 0 0.6850586 0.05224609 0 0.6650391 0.05224609 0 0.6650391 0.1674805 0 0.6650391 0.2055664 0 0.6557617 0.1674805 0 0.6557617 0.1289062 0 0.6357422 0.09082031 0 0.6357422 0.1289062 0 0.6176758 0.09082031 0 0.6176758 0.1289062 0 0.6176758 0.1674805 0 0.6357422 0.1674805 0 0.6557617 0.09082031 0 0.6557617 0.05224609 0 0.6357422 0.05224609 0 0.6176758 0.2055664 0 0.6357422 0.2055664 0 0.6557617 0.2055664 0 0.6176758 0.05224609 0 0.5776367 0.09082031 0 0.5668945 0.09082031 0 0.5166016 0.1674805 0 0.5668945 0.1674805 0 0.5166016 0.09082031 0 -0.4143066 0.5522461 0 -0.4614258 0.5522461 0 -0.2568359 0.970047 0 -0.3630371 0.5522461 0 -0.3112793 0.5522461 0 -0.2568359 0.5522461 0 -0.04956055 0.5522461 0 -0.09924316 0.5522461 0 -0.5385742 0.05419922 0 -0.5678711 0.05419922 0 -0.5385742 0.06347656 0 -0.5678711 0.06347656 0 -0.5385742 0.04736328 0 -0.5678711 0.04736328 0 -0.7973633 0.9012451 0 -0.7929688 0.9419861 0 -0.7529297 0.9161987 0 -0.8730469 0.9011841 0 -0.9033203 0.8693848 0 -0.9208984 0.9140625 0 -0.9160156 0.0859375 0 -0.9160156 0.06347656 0 -0.9453125 0.06347656 0 -0.9775391 0.0859375 0 -0.9453125 0.05419922 0 -0.9160156 0.05419922 0 -0.9160156 0.04736328 0 -0.9453125 0.04736328 0 -0.07165527 0.2617187 0 -0.09924316 0.2617187 0 -0.09924316 0.2792969 0 -0.04678345 0.2792969 0 -0.8574219 0.0859375 0 -0.8574219 0.06347656 0 -0.8862305 0.06347656 0 -0.7978516 0.0859375 0 -0.7978516 0.06347656 0 -0.8261719 0.06347656 0 -0.7416992 0.0859375 0 -0.7416992 0.06347656 0 -0.7675781 0.06347656 0 -0.6826172 0.0859375 0 -0.6826172 0.06347656 0 -0.7109375 0.06347656 0 -0.6254883 0.0859375 0 -0.6254883 0.06347656 0 -0.6538086 0.06347656 0 -0.5678711 0.0859375 0 -0.597168 0.06347656 0 -0.5087891 0.0859375 0 -0.5087891 0.06347656 0 -0.1260986 0.2617187 0 -0.1522217 0.2617187 0 -0.1522217 0.2792969 0 -0.3630371 0.4160156 0 -0.3112793 0.4160156 0 -0.04678345 0.4160156 0 -0.04678345 0.3393555 0 -0.09924316 0.4160156 0 -0.09924316 0.3393555 0 -0.4143066 0.3393555 0 -0.4143066 0.4160156 0 -0.3630371 0.3393555 0 -0.4643555 0.3393555 0 -0.4643555 0.4160156 0 -0.2570801 0.3393555 0 -0.2568359 0.4160156 0 -0.2053223 0.3393555 0 -0.2053223 0.4160156 0 -0.3112793 0.3393555 0 -0.2053223 0.5522461 0 -0.1522217 0.5522461 0 -0.1522217 0.4160156 0 -0.1522217 0.3393555 0 -0.2575684 0.2792969 0 -0.3112793 0.2792969 0 -0.8862305 0.05419922 0 -0.8574219 0.05419922 0 -0.2575684 0.2617187 0 -0.2839355 0.2617187 0 -0.8862305 0.04736328 0 -0.8574219 0.04736328 0 -0.9775391 0.04736328 0 -0.9775391 0.05419922 0 -0.1782227 0.2617187 0 -0.2053223 0.2792969 0 -0.8261719 0.04736328 0 -0.8261719 0.05419922 0 -0.04678345 0.2617187 0 -0.2053223 0.2617187 0 -0.9775391 0.06347656 0 -0.5087891 0.05419922 0 -0.5087891 0.04736328 0 -0.4143066 0.2792969 0 -0.3630371 0.2792969 0 -0.7978516 0.05419922 0 -0.7416992 0.05419922 0 -0.7675781 0.05419922 0 -0.7416992 0.04736328 0 -0.7675781 0.04736328 0 -0.4643555 0.2792969 0 -0.4404297 0.2617187 0 -0.3630371 0.2617187 0 -0.3891602 0.2617187 0 -0.6254883 0.04736328 0 -0.6254883 0.05419922 0 -0.597168 0.04736328 0 -0.597168 0.05419922 0 -0.2296143 0.2617187 0 -0.04202271 0.2055664 0 -0.02624512 0.2055664 0 -0.04202271 0.1860352 0 -0.02624512 0.1860352 0 -0.02624512 0.1674805 0 -0.04202271 0.1674805 0 -0.7978516 0.2329102 0 -0.8574219 0.2329102 0 -0.3371582 0.2617187 0 -0.6538086 0.05419922 0 -0.6538086 0.04736328 0 -0.7109375 0.05419922 0 -0.7109375 0.04736328 0 -0.7978516 0.04736328 0 -0.6826172 0.05419922 0 -0.7416992 0.2329102 0 -0.02624512 0.07080078 0 -0.02624512 0.05224609 0 -0.04202271 0.07080078 0 -0.04202271 0.05224609 0 -0.6826172 0.04736328 0 -0.3112793 0.2617187 0 -0.9160156 0.2329102 0 -0.9775391 0.2329102 0 -0.9160156 0.3920898 0 -0.8574219 0.3920898 0 -0.9160156 0.5493164 0 -0.9775391 0.5493164 0 -0.9160156 0.7935791 0 -0.9775391 0.7935791 0 -0.9775391 0.3920898 0 -0.8574219 0.5493164 0 -0.8574219 0.7935791 0 -0.7978516 0.3920898 0 -0.7978516 0.5493164 0 -0.7978516 0.7935791 0 -0.02624512 0.1098633 0 -0.02624512 0.09082031 0 -0.04202271 0.1098633 0 -0.04202271 0.09082031 0 -0.02624512 0.1479492 0 -0.02624512 0.1289062 0 -0.04202271 0.1479492 0 -0.04202271 0.1289062 0 -0.5087891 0.7935791 0 -0.5087891 0.5493164 0 -0.5678711 0.7935791 0 -0.5678711 0.5493164 0 -0.5678711 0.3920898 0 -0.5087891 0.3920898 0 -0.6254883 0.5493164 0 -0.6254883 0.3920898 0 -0.6826172 0.5493164 0 -0.6826172 0.3920898 0 -0.4143066 0.2617187 0 -0.6826172 0.2329102 0 -0.7416992 0.5493164 0 -0.7416992 0.3920898 0 -0.6254883 0.2329102 0 -0.5678711 0.2329102 0 -0.5087891 0.2329102 0 -0.4643555 0.2617187 0 -0.6254883 0.7935791 0 -0.6826172 0.7935791 0 -0.7416992 0.7935791 0 -0.4118652 0.05224609 0 -0.421875 0.05224609 0 -0.421875 0.07128906 0 -0.4118652 0.09082031 0 -0.4326172 0.07128906 0 -0.4326172 0.05224609 0 -0.4829102 0.07128906 0 -0.4829102 0.05224609 0 -0.715332 0.8291016 0 -0.7558594 0.8291016 0 -0.7265625 0.8762817 0 -0.7680664 0.8731689 0 -0.5283203 0.8731689 0 -0.5161133 0.8306885 0 -0.5966797 0.8306885 0 -0.5976563 0.9104004 0 -0.5576172 0.9012451 0 -0.8374023 0.9104004 0 -0.8374023 0.9517517 0 -0.4829102 0.1289062 0 -0.4326172 0.1289062 0 -0.4829102 0.1098633 0 -0.4326172 0.1098633 0 -0.421875 0.1098633 0 -0.421875 0.1289062 0 -0.4118652 0.1289062 0 -0.421875 0.1479492 0 -0.421875 0.1674805 0 -0.4118652 0.1674805 0 -0.4326172 0.1479492 0 -0.4829102 0.1479492 0 -0.8813477 0.9410095 0 -0.6328125 0.9011841 0 -0.6738281 0.8306885 0 -0.6635742 0.8693848 0 -0.9135742 0.8291016 0 -0.9462891 0.8753052 0 -0.956543 0.8291016 0 -0.4829102 0.2055664 0 -0.4326172 0.2055664 0 -0.4829102 0.1860352 0 -0.4326172 0.1860352 0 -0.421875 0.1860352 0 -0.421875 0.2055664 0 -0.4118652 0.2055664 0 -0.1583252 0.09082031 0 -0.06018066 0.09082031 0 -0.06018066 0.07080078 0 -0.06018066 0.05224609 0 -0.06018066 0.1098633 0 -0.06018066 0.1479492 0 -0.06018066 0.1289062 0 -0.1583252 0.1289062 0 -0.06018066 0.1860352 0 -0.06018066 0.1674805 0 -0.1583252 0.1674805 0 -0.1583252 0.05224609 0 -0.1583252 0.2055664 0 -0.06018066 0.2055664 0 -0.1795654 0.05224609 0 -0.1795654 0.09082031 0 -0.1795654 0.1289062 0 -0.2507324 0.1674805 0 -0.2507324 0.2055664 0 -0.2314453 0.1674805 0 -0.2314453 0.2055664 0 -0.1795654 0.1674805 0 -0.1795654 0.2055664 0 -0.2314453 0.05224609 0 -0.2314453 0.09082031 0 -0.2314453 0.1289062 0 -0.2507324 0.05224609 0 -0.2507324 0.09082031 0 -0.2507324 0.1289062 0 -0.2680664 0.09082031 0 -0.2680664 0.05224609 0 -0.2680664 0.1289062 0 -0.2680664 0.1674805 0 -0.2680664 0.2055664 0 -0.2912598 0.1674805 0 -0.2912598 0.2055664 0 -0.2912598 0.1289062 0 -0.2912598 0.09082031 0 -0.2912598 0.05224609 0 -0.3146973 0.1674805 0 -0.3146973 0.2055664 0 -0.3146973 0.09082031 0 -0.3344727 0.09082031 0 -0.3146973 0.1289062 0 -0.3344727 0.1289062 0 -0.3146973 0.05224609 0 -0.3344727 0.05224609 0 -0.3344727 0.1674805 0 -0.3344727 0.2055664 0 -0.34375 0.1674805 0 -0.34375 0.1289062 0 -0.3637695 0.09082031 0 -0.3818359 0.09082031 0 -0.3637695 0.1289062 0 -0.3818359 0.1289062 0 -0.3818359 0.1674805 0 -0.3637695 0.1674805 0 -0.34375 0.09082031 0 -0.34375 0.05224609 0 -0.3637695 0.05224609 0 -0.3818359 0.2055664 0 -0.3637695 0.2055664 0 -0.34375 0.2055664 0 -0.3818359 0.05224609 0 -0.421875 0.09082031 0 -0.4326172 0.09082031 0 -0.4829102 0.1674805 0 -0.4326172 0.1674805 0 -0.4829102 0.09082031 0 0.9736328 0.07080078 0 0.9736328 0.05224609 0 0.9736328 0.09082031 0 0.9736328 0.1098633 0 0.9736328 0.1289062 0 0.9736328 0.1479492 0 0.9736328 0.1674805 0 0.9736328 0.1860352 0 0.9736328 0.2055664 0</float_array>
          <technique_common>
            <accessor source="#geom-horn_VIS_O_OBJShape-map1-array" count="576" stride="3">
              <param name="S" type="float"/>
              <param name="T" type="float"/>
              <param name="P" type="float"/>
            </accessor>
          </technique_common>
        </source>
        <source id="geom-horn_VIS_O_OBJShape-map1-textangents">
          <float_array id="geom-horn_VIS_O_OBJShape-map1-textangents-array" count="1728">0.9067959 0.3734667 1.90742e-4 0.9809963 0.02280656 -0.05973658 0.9065598 0.3731821 2.58755e-4 0.9808075 0.009915314 -0.04078944 0.6977683 0.6906434 8.36203e-4 0.6974187 0.6907551 7.20197e-4 0.008619215 0.6436986 0.02964686 0.9814248 0.0627859 -0.08621225 0.9060024 0.3727802 1.54717e-4 0.698429 0.6904748 7.9946e-4 0.3842402 0.9024858 0.006475203 0.3852821 0.9020599 0.01387629 -0.3641494 0.9113195 -0.01094195 0.01816286 0.9811161 -0.001117863 -0.6773399 0.7090581 4.75592e-4 -0.9009512 0.3845259 0.00286078 -0.978888 0.01118254 0.04586784 0.3873632 0.9008956 0.007532101 0.0177497 0.980846 -0.001602473 0.7017052 0.6928975 0.001403952 0.9856597 0.08396991 -0.0791647 0.9102197 0.3745239 1.46891e-4 0.8277642 0.5555016 -0.001766787 0.5656326 0.8203973 0.004382097 0.7109128 0.697412 1.28357e-4 0.3755561 0.9106422 -0.007574412 0.01663408 0.9803967 -0.002174751 -0.3625319 0.91171 -0.00261871 -0.3633619 0.9113162 -0.002736741 -0.6775223 0.7091446 6.06752e-4 -0.9002679 0.3854304 0.003866116 -0.9789613 0.02556471 0.0667225 -0.6775487 0.7096048 5.50371e-4 -0.3509059 0.9209902 0.01078767 -0.6805415 0.7129701 8.67435e-4 0.01633234 0.9853895 -0.001368187 0.3898305 0.9157865 0.001201755 0.2052606 0.9751749 0.001366271 -0.178638 0.9797057 -0.001584441 0.01808243 0.9962847 -3.40825e-4 -0.3672141 0.9259282 8.90583e-4 -0.5408501 0.8364233 -0.002211732 -0.8080298 0.5830871 0.005053654 -0.9025148 0.3904648 0.00482405 -0.8990478 0.3869899 0.004801659 -0.6876822 0.7218372 -5.71716e-4 -0.9791396 0.0701222 0.09537737 -0.983285 0.09459879 0.08728542 -0.9102078 0.3983654 -2.30922e-4 -0.9766055 0.1997399 -0.001504589 -0.9946253 0.100531 0.01739208 0.9200375 0.3785192 -8.67828e-4 0.9789237 0.1884219 0.002102222 0.9953689 0.09333912 -0.01613853 -0.9952275 -0.02119762 0.04011166 -0.9747588 -0.1990697 -0.002177342 -0.9944557 -0.0407693 -0.05114472 -0.9750603 -0.1994733 0.006790296 -0.9822632 -0.1653356 -0.007696042 -0.9183258 -0.3840609 0.001856638 -0.9202235 -0.380633 0.008214852 -0.9850116 -0.02623204 0.05833118 -0.9109779 -0.3752809 5.76288e-4 -0.9163125 -0.3889624 0.006971731 -0.8345654 -0.5423559 0.01473123 -0.8105389 -0.5783117 0.008869493 -0.8252251 -0.557569 0.008497651 -0.7085029 -0.6999632 0.001059164 -0.9066851 -0.3732019 -2.93124e-4 -0.700445 -0.6931383 -7.02567e-4 -0.9809409 -0.01884553 0.05469013 -0.6976304 -0.6906621 -7.68419e-4 -0.9068018 -0.3735099 -3.28582e-4 -0.3838717 -0.9027315 -0.0056686 -0.3814399 -0.90858 0.005654673 -0.7066921 -0.7017434 -8.79147e-4 -0.5639619 -0.8201945 -0.008261365 -0.5514536 -0.8278654 -0.01664119 -0.5888168 -0.8023609 -0.01145443 -0.7109128 -0.697412 -1.28357e-4 -0.3909933 -0.9159613 -0.009036088 -0.01780689 -0.9809842 0.001423739 -0.01619419 -0.985606 0.003009405 -0.2050573 -0.9737746 -2.9655e-4 -0.38331 -0.9030546 -0.004532095 -0.01802266 -0.9811258 0.001191162 -0.6976666 -0.6904861 -5.49032e-4 -0.980841 -0.01275064 0.04596285 -0.9063802 -0.3750873 0.005298785 -0.3838864 -0.9027237 -0.0118096 -0.6973756 -0.6908276 0.00754098 -0.01961271 -0.9812898 -0.004621395 0.3618258 -0.9120515 0.001798939 0.3622516 -0.9118608 0.002297844 0.3581845 -0.917865 -0.008779707 2.62151e-4 -0.9953923 -7.64939e-4 0.1757072 -0.9811028 -0.003650382 -0.3773081 -0.9215942 -0.01142098 -0.1997943 -0.9743381 -0.01110634 -0.001832988 -0.9950233 7.79557e-4 -0.4183519 -0.9036735 -0.006398473 -0.2347871 -0.9671102 -0.008285381 -0.0111445 -0.9955562 0.001464428 0.1780741 -0.97945 -0.001089827 0.3639467 -0.9265609 -0.001864016 0.6803607 -0.7119488 -7.2133e-4 0.5389676 -0.8370258 0.00808285 0.6774432 -0.7091096 -5.04479e-4 0.3625805 -0.9119017 9.61293e-4 0.6774747 -0.7089503 -4.03159e-4 -0.01725978 -0.9806818 0.01095777 -0.3816745 -0.90358 -0.002109452 -0.700849 -0.6874619 -0.008340787 -0.9076828 -0.3731001 -0.01062456 -0.9806433 -0.008083577 0.03771239 -0.9803559 -0.004321643 0.02877493 0.3653025 -0.9111762 0.009421909 0.6771085 -0.7094797 -0.00826306 0.9007664 -0.3853967 -0.007605471 0.9008788 -0.3847281 -0.002656416 0.9006536 -0.3848332 -0.003356533 0.9050627 -0.3875433 -0.003518017 0.6894923 -0.7186474 0.008791697 0.8171698 -0.5685853 0.003918765 0.6853583 -0.7218975 -0.001007662 0.5349796 -0.8389086 -5.94125e-4 0.3668076 -0.9254583 0.001596345 0.2059924 -0.973173 0.007998756 0.3672141 -0.9259282 -8.90583e-4 0.5127209 -0.8525485 -0.005453951 0.6639017 -0.7435866 -0.005440661 0.7914504 -0.6041419 -0.01139789 0.8136879 -0.5736005 0.002414868 0.9142627 -0.3927385 0.008424895 0.9084174 -0.4044466 0.008862394 0.9831728 -0.02934292 -0.0648399 0.9754423 -0.1974948 0.008198641 0.978981 -0.02113333 -0.06112549 0.9789308 -0.01418958 -0.05111602 0.6802842 -0.7060477 0.008752333 0.9026764 -0.3819251 0.009979084 0.9793635 -0.008662674 -0.0404718 0.980252 -0.004367762 -0.02896434 0.9953511 -0.01988769 -0.0389596 0.9950696 -0.03063027 0.04579642 0.9732346 -0.2062585 0.006019825 0.910267 -0.3988953 1.55373e-4 0.9750541 -0.1994004 0.001507275 0.9947756 -0.09910912 -0.01714653 -0.9953689 -0.09333912 0.01613853 0.1049025 0.9943926 3.35478e-5 0.09643187 0.9951112 3.33113e-5 0.1095589 0.9939205 3.36755e-5 0.06895701 0.9973846 3.25422e-5 -0.01460271 0.9972228 2.99872e-5 0.06835799 0.9964766 3.24962e-5 0.05392012 0.9970841 3.20741e-5 -9.31323e-10 1 3.05176e-5 -0.0976753 0.9949664 2.73832e-5 -0.01338012 0.9984207 3.00611e-5 -0.1234408 0.9922023 2.65125e-5 -0.127685 0.9917333 2.63687e-5 -0.1312211 0.9912808 2.62469e-5 -0.08280955 0.9948151 2.78322e-5 -0.06611181 0.99561 2.8366e-5 -9.31323e-10 1 3.05176e-5 -0.1174778 -0.1320317 0.8939132 -0.04903225 -0.1038506 0.9840272 -0.0989087 -0.08498828 0.9222688 -0.366825 -0.7054767 0.3310437 -0.121201 -0.8260751 0.2760712 -0.09864169 -0.04697497 0.9835388 -0.2224562 -0.3792263 0.849754 1.22069e-6 -0.4345496 0.868151 -0.7517412 -0.2595657 0.3231375 -0.6137861 -0.5294332 0.2887028 -0.1035244 0.02957545 0.9846725 -0.1377283 0.01635252 0.904213 -0.0153723 -0.1199915 0.495039 0.03348172 -0.1330073 0.5716674 0.008699173 -0.1309506 0.7034101 0.003632906 7.40212e-6 0.999887 0.0163446 4.38848e-5 0.9997338 -0.07126974 -0.1141908 0.5722846 -0.8246252 0.06467779 0.2848272 -0.1140312 -0.06488181 0.6251908 -0.08985466 0.1067537 0.8928781 -0.7164647 0.3585746 0.3296166 -0.07413984 0.07489129 0.9874795 -0.3489714 0.2522346 0.8492194 -0.4253665 -0.1108584 0.8498143 -0.1595771 -0.6814407 0.6284716 -0.5071357 -0.4104828 0.5984336 -0.6672519 0.1892699 0.6153677 -0.4221608 0.5575623 0.6389357 -0.1596105 0.4198612 0.838817 -0.06208713 0.1050743 0.9819166 -0.07018095 0.1408485 0.9151906 -0.2995179 0.7395326 0.317725 -0.5548023 0.6167163 0.2899698 -0.1129052 0.005408497 0.4859557 -0.1316533 -0.04369645 0.5697938 0.002245342 -0.01288674 0.9998117 0.008327544 4.17004e-5 0.9999445 0.006271336 0.002678636 0.9999586 0.01228393 -0.01175511 0.9996968 -0.1381836 0.05211946 0.5659959 -4.85725e-6 0.8208868 0.2687075 -0.1239317 0.1000529 0.5626618 0.02644543 -0.01244792 0.9993884 4.75616e-8 -0.01869786 0.999824 -0.2189185 0.6528505 0.6021064 -0.266395 0.2602406 0.6922271 -0.3762024 -0.1313905 0.6992978 -0.1718639 -0.3787761 0.7037032 -0.2876065 -0.2789175 0.7442741 0.2927322 0.0519781 0.9011145 -0.01022081 0.4043556 0.7516018 0.2536378 -0.1607764 0.9022109 0.03671961 -0.0363323 0.8584369 2.79408e-4 -0.1208561 0.8585399 0.2124017 0.2038332 0.9061747 0.1211861 0.2924438 0.9002302 -3.43163e-8 2.73059e-4 0.8585402 -0.1205247 -0.3255131 0.8934304 -0.266632 -0.1935832 0.8928568 -0.0852623 -0.08564966 0.8585396 -0.3268643 0.07231418 0.8971219 0.1211861 -0.2924371 0.9002097 -0.1205199 -2.76826e-4 0.8587804 -0.1877887 0.2733334 0.8946163 0.421899 0.0707587 0.7979537 0.230635 0.3707208 0.8043212 4.60118e-4 0.4250314 0.8038735 0.3575014 -0.2410875 0.8006206 0.150333 0.03232123 0.8836518 0.1291041 -0.08345507 0.8836474 4.48433e-4 0.3266081 0.8957862 0.1650979 -0.4215633 0.7973248 0.03232061 -0.150333 0.8836489 0.2017906 0.09855848 0.9052234 0.212343 -0.07299369 0.90523 0.1650864 0.1240163 0.8488758 0.1094896 0.2115488 0.9018688 0.08944011 0.1777271 0.9189645 0.005240032 0.1917761 0.9331794 0.1897155 0.05989747 0.9189257 0.09856173 -0.2017881 0.9052254 0.1757507 -0.09249999 0.9189921 -0.001805835 -0.1341825 0.9184245 -3.00334e-6 -0.2139178 0.9119533 0.1117662 -0.1879817 0.9087653 0.1824017 -0.08644622 0.9227539 0.1451863 -0.1454754 0.8914459 0.06995492 -0.1908688 0.9210231 0.1881713 0.07165775 0.92312 0.2049338 2.7702e-4 0.8921572 0.07417404 0.1879377 0.9211874 0.1464124 0.1450905 0.8913957 0.0797051 0.2066879 0.8910803 0.07938785 0.04098027 0.7810628 0.1071402 -0.005902698 0.7641953 0.08231114 -0.01791282 0.7828269 0.07045209 -0.06174348 0.7652892 0.06580198 -0.02284777 0.7764568 0.08561025 -0.01114218 0.763278 0.07072207 -0.04404427 0.7781157 0.07797246 -0.205704 0.8911715 -0.08613564 -0.1024305 0.6868093 0.003765321 -0.1089469 0.6878113 1.2058e-6 -0.05850048 0.7719417 0.02135681 -0.1226518 0.6891558 0.112893 3.38096e-5 0.6991916 0.1040052 0.06159089 0.6922974 0.07768176 0.08463602 0.6954595 0.05411038 0.0913173 0.6892498 0.04206363 0.09430509 0.6929552 -0.07097956 0.1035302 0.691325 1.17782e-6 0.05847369 0.7728367 -2.40186e-7 0.009273558 0.9999261 -0.0141153 0.8660267 -0.4537896 -0.006144809 0.7894547 0.00647174 -0.008215988 0.7172905 -0.6917115 -6.20399e-9 0.6661807 -0.7457903 -0.02111951 0.9616928 0.01015355 5.7907e-4 0.8366045 0.5004282 -0.001459332 0.6828412 0.7265517 2.74945e-9 0.6276092 0.7785285 -0.906796 0.3734667 1.90943e-4 -0.9810076 0.02286246 -0.05971505 -0.9808191 0.009973495 -0.04077526 -0.9065596 0.3731821 2.58529e-4 -0.6977685 0.6906435 8.36496e-4 -0.6974186 0.6907548 7.20588e-4 -0.008617422 0.6436978 0.02964735 -0.9814347 0.06283412 -0.08617671 -0.9060023 0.3727802 1.54573e-4 -0.6984291 0.6904751 7.99294e-4 -0.38424 0.9024854 0.006475134 -0.3852821 0.9020598 0.01387641 0.3641494 0.9113195 -0.01094195 -0.01816286 0.9811163 -0.001117869 0.6773398 0.7090578 4.75205e-4 0.9009514 0.384526 0.002860498 0.9789002 0.01124059 0.04585365 -0.3873629 0.9008956 0.007531691 -0.01774978 0.9808465 -0.001602303 -0.7017049 0.6928978 0.001403514 -0.9856668 0.08401098 -0.07912071 -0.9102197 0.3745238 1.46941e-4 -0.8277637 0.5555022 -0.001766972 -0.5656322 0.8203976 0.004381977 -0.7109121 0.6974128 1.28144e-4 -0.3755559 0.9106423 -0.007574631 -0.0166344 0.9803969 -0.002174316 0.3625317 0.9117098 -0.002618298 0.3633612 0.9113162 -0.002735876 0.6775223 0.7091445 6.06563e-4 0.9002679 0.3854303 0.003866017 0.978973 0.02562044 0.06670094 0.6775487 0.7096048 5.50369e-4 0.3509055 0.9209904 0.01078809 0.6805412 0.7129703 8.67795e-4 -0.01633234 0.9853895 -0.001368187 -0.3898305 0.9157865 0.001201755 -0.2052606 0.9751749 0.001366271 0.178638 0.9797057 -0.001584441 -0.01808243 0.9962847 -3.40825e-4 0.3672141 0.9259282 8.90583e-4 0.5408497 0.8364236 -0.002211608 0.9025148 0.3904647 0.004823986 0.8080293 0.5830877 0.005053841 0.8990478 0.3869898 0.004801548 0.6876814 0.7218382 -5.71489e-4 0.9791498 0.07017016 0.09534167 0.9832925 0.09463927 0.08724109 0.9102078 0.3983654 -2.30925e-4 0.9766056 0.1997396 -0.001504644 0.9946264 0.100541 0.0173322 -0.9200375 0.3785192 -8.67828e-4 -0.9789238 0.1884217 0.002102275 -0.9953699 0.09334912 -0.0160786 0.9747589 -0.1990695 -0.002177173 0.9952222 -0.02114389 0.04014001 0.9944507 -0.04072174 -0.0511825 0.9750604 -0.1994732 0.006790062 0.9822632 -0.1653355 -0.007696068 0.9183258 -0.3840606 0.00185659 0.9202236 -0.3806328 0.008215178 0.9850023 -0.02617717 0.05835577 0.9163125 -0.3889623 0.006971553 0.910978 -0.3752808 5.76078e-4 0.8345652 -0.5423561 0.01473087 0.8105379 -0.5783128 0.008869855 0.8252249 -0.5575692 0.008498065 0.7085027 -0.6999636 0.001058606 0.7004449 -0.6931383 -7.02414e-4 0.9066851 -0.3732019 -2.93221e-4 0.9809296 -0.01878887 0.05470952 0.6976304 -0.6906621 -7.68423e-4 0.9068017 -0.3735098 -3.28597e-4 0.3838716 -0.9027314 -0.00566827 0.3814397 -0.9085801 0.005654986 0.706692 -0.7017436 -8.78695e-4 0.5639619 -0.8201946 -0.00826124 0.5514536 -0.8278654 -0.01664119 0.5888168 -0.8023609 -0.01145443 0.7109121 -0.6974128 -1.28144e-4 0.3909933 -0.9159613 -0.009036088 0.01780691 -0.9809845 0.001423727 0.01619419 -0.985606 0.003009405 0.2050588 -0.9737748 -2.98833e-4 0.38331 -0.9030546 -0.0045321 0.01803718 -0.9811259 0.001194851 0.6976665 -0.6904861 -5.48866e-4 0.9808295 -0.0126929 0.04597875 0.90638 -0.3750872 0.005298876 0.3838864 -0.902724 -0.01180929 0.6973754 -0.6908275 0.007541296 0.0196275 -0.98129 -0.004618891 -0.3618255 -0.912051 0.001798675 -0.3622513 -0.9118606 0.002297394 -0.3581844 -0.917865 -0.008779848 -2.60889e-4 -0.9953923 -7.64278e-4 -0.1757088 -0.981103 -0.003647869 0.3773081 -0.9215942 -0.01142098 0.1997996 -0.9743385 -0.01109949 0.001833964 -0.9950209 7.79296e-4 0.4183519 -0.9036735 -0.006398473 0.2347871 -0.9671102 -0.008285381 0.01114494 -0.9955544 0.00146435 -0.1780777 -0.9794502 -0.001095038 -0.3639467 -0.9265609 -0.001864016 -0.6803606 -0.7119488 -7.21373e-4 -0.5389676 -0.8370258 0.00808285 -0.6774433 -0.7091096 -5.04281e-4 -0.3625803 -0.9119013 9.61069e-4 -0.677475 -0.7089505 -4.03084e-4 0.01725987 -0.9806816 0.01095714 0.3816748 -0.9035805 -0.002109615 0.7008492 -0.6874622 -0.008340557 0.9076823 -0.3731 -0.01062445 0.9806318 -0.008024969 0.03772466 0.9803444 -0.004262407 0.02878351 -0.3653024 -0.9111757 0.009422258 -0.6771088 -0.7094799 -0.008262764 -0.9007661 -0.3853966 -0.0076056 -0.9008787 -0.384728 -0.002656468 -0.9006538 -0.3848332 -0.003356379 -0.9050627 -0.3875433 -0.003518017 -0.6894922 -0.7186477 0.008791113 -0.8171696 -0.5685854 0.003918534 -0.6853581 -0.7218978 -0.001007092 -0.5349796 -0.8389086 -5.94125e-4 -0.3668076 -0.9254583 0.001596345 -0.2059924 -0.973173 0.007998756 -0.3672141 -0.9259282 -8.90583e-4 -0.5127209 -0.8525485 -0.005453951 -0.6639012 -0.7435872 -0.005440812 -0.7914494 -0.604143 -0.01139826 -0.8136877 -0.5736005 0.002415162 -0.9142627 -0.3927385 0.008424816 -0.9084175 -0.4044465 0.008862264 -0.9831629 -0.02928822 -0.06486459 -0.9754423 -0.1974948 0.008198713 -0.9789692 -0.0210768 -0.06114493 -0.9789189 -0.01413193 -0.05113178 -0.6802848 -0.7060482 0.008752445 -0.9026759 -0.381925 0.009978977 -0.9793516 -0.008604136 -0.04048404 -0.9802404 -0.004308544 -0.02897296 -0.9953459 -0.01983347 -0.03898706 -0.9950646 -0.03057964 0.04583003 -0.9732345 -0.2062585 0.006019885 -0.9102672 -0.3988952 1.55402e-4 -0.9750541 -0.1994002 0.001507316 -0.9947767 -0.09911913 -0.01708664 0.9953699 -0.09334912 0.0160786 -0.1049004 0.9943928 2.71452e-5 -0.1095545 0.993921 2.69887e-5 -0.09643463 0.995111 2.74254e-5 0.01460293 0.9972222 3.08785e-5 -0.06896198 0.9973843 2.83332e-5 -0.06835356 0.9964771 2.83241e-5 -0.05391677 0.9970845 2.87832e-5 -9.31323e-10 1 3.05176e-5 0.01338017 0.9984203 3.08777e-5 0.09768056 0.9949659 3.33449e-5 0.1234438 0.992202 3.40468e-5 0.1276851 0.9917333 3.41619e-5 0.1312209 0.9912808 3.4256e-5 0.08280925 0.9948151 3.28865e-5 0.06611137 0.99561 3.24012e-5 -9.31323e-10 1 3.05176e-5 1.2058e-6 -0.05850048 0.7719417 -0.07072453 -0.04404322 0.7781153 -0.07798899 -0.2057085 0.8911697 0.08617889 -0.1024253 0.6868101 -0.06995814 -0.1908674 0.9210226 -0.1451879 -0.1454737 0.8914452 -0.08560771 -0.0111444 0.7632762 -0.003762293 -0.1089479 0.6878099 -0.1117719 -0.1879884 0.9087639 -0.1757502 -0.09250061 0.9189926 -0.06580149 -0.02284854 0.776455 -0.1824021 -0.08644457 0.9227526 -0.02135048 -0.1226569 0.6891506 -0.1128901 2.94957e-5 0.6991854 -0.2049338 2.77068e-4 0.8921575 -0.07045249 -0.06174355 0.7652935 -0.1040056 0.06159022 0.6922998 -0.1897157 0.05989747 0.9189267 -0.2123432 -0.07299369 0.905231 -0.09856173 -0.2017881 0.9052254 -3.00334e-6 -0.2139178 0.9119533 -0.03232061 -0.150333 0.8836489 0.001799978 -0.1341824 0.9184245 -0.2017903 0.09855904 0.905224 -0.1291041 -0.08345507 0.8836474 -0.08944012 0.1777271 0.9189645 -0.1881717 0.0716562 0.9231188 -0.08231103 -0.01791283 0.7828257 -0.07768249 0.08463514 0.6954618 -0.1464907 0.1451701 0.8913955 -0.107139 -0.005901627 0.764194 -0.05410618 0.09132104 0.6892468 -0.1094929 0.2115553 0.9018672 -0.005242569 0.1917764 0.9331793 -0.07417083 0.1879391 0.9211879 -0.150333 0.03232123 0.8836518 -0.4218997 0.07075871 0.7979551 -0.3575037 -0.241086 0.8006217 -0.1650963 -0.4215722 0.7973201 -4.62423e-4 0.3266081 0.8957862 0.1877866 0.2733351 0.8946154 0.3268643 0.07231418 0.8971219 0.2666302 -0.1935846 0.892856 -0.2306377 0.370719 0.8043226 -0.1651032 0.1240263 0.8488743 -4.50738e-4 0.4250315 0.8038735 0.1205224 -0.32552 0.8934279 -0.03671769 -0.03633183 0.8584376 -2.76747e-4 -0.1208562 0.8585403 0.08526442 -0.08565034 0.8585404 0.1205272 -2.69469e-4 0.8587804 -0.2536365 -0.1607779 0.9022113 -0.1211828 -0.2924444 0.9002083 -0.2927326 0.05197832 0.9011159 -0.2124022 0.2038333 0.906176 -0.1211828 0.2924511 0.9002288 -3.43163e-8 2.73059e-4 0.8585402 0.2663914 0.260244 0.6922269 0.3762004 -0.1313902 0.6992947 0.2876029 -0.2789199 0.7442726 0.01021595 0.4043561 0.7516015 0.2189236 0.652862 0.6020989 0.422159 0.557565 0.6389363 0.667251 0.189271 0.6153667 0.5071356 -0.4104823 0.5984333 0.1718639 -0.3787853 0.7036983 0.1595784 -0.6814473 0.6284644 0.2224562 -0.3792263 0.849754 0.4253664 -0.1108584 0.8498144 0.348971 0.2522345 0.8492187 0.1596167 0.4198692 0.8388114 0.06208681 0.1050781 0.9819168 0.07413749 0.07489368 0.9874799 0.1035243 0.02957549 0.9846726 0.098643 -0.04697368 0.983539 0.04903492 -0.1038535 0.9840268 1.22069e-6 -0.4345496 0.868151 0.09890812 -0.08498892 0.9222691 0.1377282 0.01635191 0.9042119 0.08985631 0.1067518 0.8928772 0.0701936 0.1408527 0.9151894 0.7164668 0.3585726 0.329617 0.8246252 0.06467777 0.2848272 0.75174 -0.259566 0.3231371 0.6137854 -0.5294311 0.2887021 0.3668254 -0.7054757 0.3310434 0.1174949 -0.1320387 0.8939117 0.07127045 -0.1141892 0.5722847 0.1140311 -0.06488185 0.6251905 0.1316533 -0.04369644 0.5697938 0.1129086 0.005404949 0.4859557 0.5548057 0.6167128 0.2899697 0.2995195 0.7395321 0.3177251 -4.85725e-6 0.8208868 0.2687075 0.1381853 0.05211871 0.5659958 0.1239537 0.1000603 0.5626605 -0.01228395 -0.01175509 0.9996968 -0.002245553 -0.01288622 0.9998117 -0.008327544 4.17271e-5 0.9999445 -0.006271546 0.002678141 0.9999586 -0.003633403 6.90916e-6 0.9998869 0.01537567 -0.1199882 0.495039 -0.03348289 -0.1330078 0.5716672 0.1212007 -0.8260774 0.2760642 -0.01634698 4.28869e-5 0.9997337 -0.00868826 -0.13095 0.7034102 -2.40186e-7 0.009273558 0.9999261 -0.02644543 -0.01244792 0.9993884 4.75616e-8 -0.01869786 0.999824 -0.07971521 0.2066928 0.8910799 -0.07938843 0.04098012 0.7810637 1.17782e-6 0.05847369 0.7728367 -0.04206747 0.09430345 0.6929551 0.07101685 0.103526 0.6913262 0.01411223 0.8660254 -0.4537919 0.008214966 0.7172902 -0.6917118 0.006145822 0.7894546 0.006472115 -6.20399e-9 0.6661807 -0.7457903 0.02111973 0.9616926 0.01015381 0.001460414 0.6828409 0.726552 -5.75625e-4 0.8366028 0.5004307 2.74945e-9 0.6276092 0.7785285</float_array>
          <technique_common>
            <accessor source="#geom-horn_VIS_O_OBJShape-map1-textangents-array" count="576" stride="3">
              <param name="X" type="float"/>
              <param name="Y" type="float"/>
              <param name="Z" type="float"/>
            </accessor>
          </technique_common>
        </source>
        <source id="geom-horn_VIS_O_OBJShape-map1-texbinormals">
          <float_array id="geom-horn_VIS_O_OBJShape-map1-texbinormals-array" count="1728">0.09013348 -0.2193448 0.9714751 0.0650428 -0.356358 0.9320828 0.1359514 -0.33091 0.9338178 0.04275954 -0.2366846 0.9706452 0.2507165 -0.2544339 0.934026 0.1661922 -0.1688084 0.9715369 0.9999106 -0.0133592 -6.4585e-4 0.1080344 -0.5854822 0.8034545 0.2247856 -0.5466521 0.8066244 0.4140871 -0.4197924 0.8076548 0.3269619 -0.1459057 0.9337063 0.2127837 -0.105825 0.9713517 0.2163044 0.09809509 0.9713855 0.2373014 -0.003286202 0.9714305 0.1718848 0.1635443 0.9714468 0.09582458 0.2172918 0.9713917 0.04817353 0.2372018 0.9702652 0.5415367 -0.2395848 0.8058146 0.3584681 -0.004961785 0.9335288 0.5119317 -0.5198248 0.6838918 0.1162883 -0.722863 0.6811359 0.2773347 -0.6742856 0.6844154 0.5410865 -0.8055155 0.2415993 0.7997096 -0.5526227 0.2346759 0.6882731 -0.701631 0.1843749 0.6790599 -0.2743864 0.6808742 0.5932955 -0.008280705 0.8049422 0.3317793 0.1346104 0.9337037 0.5490475 0.2213377 0.8059506 0.2589393 0.2465936 0.9338855 0.1444167 0.3279563 0.933589 0.07279434 0.3572291 0.9311758 0.4277629 0.4078132 0.8066643 0.6887347 0.2544625 0.6788912 0.5302809 0.5053334 0.6807645 0.7335578 -0.01121484 0.6795345 0.9073556 -0.3864586 0.1653953 0.9543138 -0.2011792 0.2209346 0.9589982 0.1752225 0.2227544 0.9869179 -0.01785761 0.1602314 0.9157444 0.3630097 0.1721515 0.8168904 0.5288287 0.230283 0.570324 0.788343 0.2307504 0.2951165 0.6737583 0.6774629 0.2380326 0.5430011 0.8052889 0.7116717 0.6781429 0.1834272 0.1200286 0.5882681 0.7997086 0.1297962 0.7288872 0.6722175 0.3956405 0.9040754 0.1616054 0.19477 0.954022 0.2278306 0.1020403 0.9802705 0.1692854 0.3751606 -0.9114872 0.1686586 0.1832999 -0.9549184 0.2335208 0.09473674 -0.9810024 0.1692905 0.04553858 -0.4661566 0.8835294 -0.1268861 0.6127756 0.7800039 -0.06562865 0.6216209 0.7805641 0.1102441 -0.5098495 0.8531704 -0.159623 0.9591891 -0.2334024 -0.3805984 0.9092315 -0.1686505 -0.2337345 0.581891 0.7789551 0.06479492 -0.408852 0.9102976 0.1570431 -0.3798154 0.9116346 0.1802752 -0.4086533 0.8947085 -0.3270443 0.5245983 0.7860271 -0.5653758 0.7887054 -0.2414416 0.2899689 -0.4160304 0.8618798 -0.4295019 0.4359387 0.7908764 0.1237348 -0.3013534 0.9454501 0.2880781 -0.2920393 0.9119891 0.05886768 -0.3247323 0.9439722 0.2285572 -0.2319151 0.9455036 0.1013785 -0.246973 0.9637047 0.2978443 -0.1325897 0.9453617 0.3819449 -0.1546774 0.9111493 0.3105444 -0.3138585 0.8972486 0.418616 -0.2964847 0.858404 -0.5078897 0.3222545 0.7988743 -0.7821375 0.5773225 -0.2344348 -0.6882731 0.701631 -0.1843749 0.4162258 -0.1864523 0.8899391 0.3262427 -0.004550067 0.9452751 0.4120284 -0.00398781 0.9111623 0.5146782 -0.1086398 0.8504726 0.2440016 -0.1084052 0.9636968 0.2668717 -0.003732229 0.9637248 0.1872454 -0.1899589 0.9637711 0.04857296 -0.2663953 0.9626392 0.08472364 -0.1909153 0.9779434 0.187515 -0.09253438 0.9778934 0.1521856 -0.1429529 0.9779591 0.2086611 -0.008776099 0.9779486 0.2475155 0.1000943 0.9636998 0.3022282 0.1224473 0.9453384 0.3858614 0.1418576 0.9115851 0.4635509 -5.58844e-4 0.8860701 0.512695 0.08864193 0.8539827 -0.5563742 0.2178468 0.8018669 -0.5866295 0.1111481 0.8021919 -0.5812359 0.001708251 0.8137333 -0.8945462 0.4152966 -0.1652749 -0.9473572 0.2318831 -0.2207819 -0.9870213 0.01081327 -0.1602251 -0.5437489 -0.09978638 0.8332946 0.4285407 0.1665413 0.888041 0.2977463 0.2836122 0.9115433 0.4357348 0.2888052 0.8524827 0.2359576 0.224748 0.9454165 0.1936477 0.07802703 0.9779634 0.1932974 0.1841674 0.9637004 0.1470614 0.008463488 0.9890912 0.1346981 -0.05920596 0.9891163 0.09694965 -0.110838 0.9890984 0.04594204 -0.1399343 0.9890944 0.03929992 -0.208666 0.977197 0.02966762 -0.1474386 0.9886262 0.1331383 0.06360411 0.9890544 0.1566593 0.1381217 0.977947 0.08907731 0.1888965 0.9779485 0.1072446 0.2444698 0.963708 0.1311506 0.2986965 0.9452936 0.1653335 0.3778476 0.9109863 0.3232143 0.3209924 0.8902226 0.2948867 0.4296929 0.853467 -0.4191018 -0.3990271 0.8155557 -0.4779087 -0.30535 0.823629 -0.5063817 -0.1992584 0.8389718 -0.9534016 -0.203637 -0.2226149 -0.9157444 -0.3630097 -0.1721515 -0.8345928 -0.5004496 -0.2302284 -0.7339662 -0.6539707 -0.1833468 -0.5925159 -0.7718708 -0.2305221 -0.3269144 -0.4602735 0.825394 0.1734459 0.4228479 0.8894471 -0.2285487 -0.494968 0.8383151 0.07219953 0.4108302 0.9088486 0.09744385 0.5165966 0.850666 0.06592057 0.3256102 0.9432033 0.0541113 0.2665457 0.9623021 0.0995907 0.1082181 0.9891261 0.04815171 0.1396478 0.9890298 0.04222292 0.2084076 0.9771302 0.02986858 0.1480347 0.988531 0.043904 0.4536002 0.8901232 -0.05528391 -0.5546382 0.830253 -0.1186762 -0.5355733 0.8361084 -0.3960717 -0.9038865 -0.1616055 -0.194748 -0.9540264 -0.2278305 -0.1005968 -0.9804154 -0.1693104 -0.09473674 0.9810024 -0.1692905 -0.9944815 0.1049119 -2.71475e-5 -0.9953375 0.09645379 -2.74318e-5 -0.9939796 0.1095654 -2.69902e-5 -0.9976185 0.06897319 -2.834e-5 -0.9998928 -0.0146418 -3.09611e-5 -0.9976553 0.06843885 -2.83574e-5 -0.998541 0.0539989 -2.88251e-5 -1 0 -3.05176e-5 -0.9952159 -0.0976998 -3.33531e-5 -0.9999102 -0.01340008 -3.09238e-5 -0.9923497 -0.1234591 -3.40518e-5 -0.9918134 -0.1276953 -3.41647e-5 -0.9913519 -0.1312305 -3.42585e-5 -0.9965534 -0.08295424 -3.2944e-5 -0.9978026 -0.0662574 -3.24725e-5 -1 0 -3.05176e-5 -0.9916544 0.01886829 -0.1275361 -0.9987745 0.005224775 -0.04921568 -0.70554 0.7085942 -0.01036774 -0.8921341 0.4509264 -0.02760677 -0.9904565 0.130729 -0.04365664 -0.7034204 0.7098287 -0.03664562 -0.7388037 0.6658853 0.1037591 -1 2.67327e-5 1.47871e-5 -0.3351608 0.9418769 -0.02313329 -0.6583759 0.7524264 -0.0198905 0.002207337 0.9995537 -0.02979035 0.001552305 0.9998396 -0.01784546 -0.7229695 0.6762421 0.1414629 -0.9211071 0.3638047 0.1385927 -0.9999261 -0.002195038 0.01195759 -0.7097814 0.7044173 0.002573646 -0.9220078 0.3868784 0.01505688 -0.4101388 0.9028436 0.129072 0.06958143 0.9972628 -0.0250052 -0.01197807 0.9948087 0.1010557 0.7087247 0.7053652 -0.01301196 0.4382797 0.8984971 -0.02477535 0.7069039 0.7073093 -5.68685e-4 0.6823208 0.7282385 0.06408645 -0.05189724 0.9932647 0.1035948 -0.9855048 0.1247288 -0.1149913 -0.6648711 0.7451223 -0.05233657 0.1500251 0.9789443 -0.1384215 0.7560218 0.6509497 -0.06852375 0.9858305 0.07510997 0.1499888 0.9980294 0.006706885 0.06238826 0.9971401 0.01152602 0.07469134 0.9264096 0.3765052 -0.003026602 0.7404612 0.6719836 -0.0124623 0.6645711 0.7327733 0.1462485 0.3534201 0.9229607 0.1524394 0.3800118 0.9249154 0.01106797 0.006464323 0.9999791 -9.55368e-5 -0.3900544 0.9207918 -2.03044e-5 0.6908012 0.7230448 1.37169e-5 0.8942223 0.4095721 0.1806022 1 1.48401e-5 -2.72594e-5 0.9772845 0.03713453 0.2086531 0.9250025 0.3794474 -0.01975084 1 3.05227e-5 5.2324e-7 0.9709372 0.1759555 0.1622362 0.7052413 0.7089506 0.004875633 -0.077426 0.9865855 0.1437158 -0.9776484 0.09967664 -0.1851168 -0.7046521 0.7095241 -0.006400599 -0.01697174 0.9984986 -0.05208205 0.9999283 0.005700275 0.01053103 0.6903349 0.7205028 -0.06567779 -0.7058165 0.7058436 0.06006525 1.4547e-5 0.9902369 0.139395 -0.7057035 0.7084815 0.006047964 -0.9919035 0.03926547 0.1207713 -1 3.05176e-5 -4.96767e-8 -0.9920627 0.04307467 -0.1181365 -0.6929227 0.7192064 -0.05099257 0.700235 0.7001721 0.1393915 0.02582432 0.9971443 -0.07096763 0.9919031 0.03926635 -0.1207741 0.9902957 -1.39801e-5 0.1389766 0.7210356 0.6903329 -0.05956599 -0.03655788 0.9969414 -0.06907487 -0.7387231 0.6671823 -0.09568683 -0.9999999 2.635e-4 4.33056e-4 0.6742872 0.7341201 -0.08002729 -0.6945255 0.7135542 0.09205792 0.01342125 0.9956618 0.09207325 0.9999999 -1.32433e-4 -4.52317e-4 0.9836553 0.08419029 -0.1591671 0.7135543 0.6945254 0.09205873 -0.6922968 0.7175787 0.07619726 0.01784364 0.9969327 0.07620254 -0.9819835 0.02734781 0.1869773 -0.9930873 0.02683537 0.1142692 -0.7150002 0.6960928 -0.065035 -0.9999849 0.001137096 0.005381479 -0.01332681 0.9979686 -0.06229828 0.7175782 0.6922978 0.07619281 0.6962908 0.7151478 -0.06117838 0.9999981 -2.51059e-4 0.001929548 1 2.8992e-5 1.0094e-5 0.9928254 0.02425152 -0.117088 0.3857594 0.9225433 0.01017303 0.7222035 0.6916643 -0.004749504 0.9248249 0.3802966 0.008567338 -0.3809042 0.9245959 0.00587223 0.02032703 0.999781 -0.004979677 -0.9244999 0.3811678 -0.003323872 -0.7100297 0.7041689 0.002006872 -0.9962253 0.01964384 0.08455365 -0.9203428 0.3841657 0.07338825 -0.6969609 0.7096451 0.1031953 -0.3762605 0.9245223 0.06071743 0.02553234 0.9966219 0.07805689 0.3863389 0.9223399 -0.005600383 0.7136795 0.6969787 -0.06987287 0.9215974 0.3831514 -0.06207514 0.9963857 0.01913477 -0.08276134 0.9923944 -0.01812767 0.1217568 0.9259821 0.3736688 0.05411866 1 3.05502e-5 7.53165e-7 0.7197738 0.6869746 0.09995795 0.3796633 0.9230885 -0.06134588 0.005890376 0.9959701 -0.08949234 -0.3795288 0.9225372 -0.06987813 -0.6966218 0.7163106 -0.04021341 -0.9202123 0.3914109 0.002590975 -0.9948844 -0.0149312 -0.0999105 -1 3.05477e-5 -7.87246e-7 -1 3.05276e-5 -5.23324e-7 -0.7549655 0.2946653 0.5858323 -0.9999697 -0.007782603 -9.43331e-5 -0.9290168 0.2512949 0.2716223 -1 -2.27695e-5 -2.03306e-5 -0.6509866 -0.02230716 0.7587614 -0.7543594 -0.336602 0.5635965 -0.9209891 -0.2848093 0.2658248 -1 2.37669e-5 -1.91561e-5 0.09013328 0.2193448 -0.9714751 0.0650419 0.3563544 -0.9320843 0.04275904 0.236682 -0.9706458 0.1359516 0.3309099 -0.9338178 0.2507163 0.2544341 -0.934026 0.1661919 0.1688087 -0.9715369 0.9999106 0.01335924 5.84733e-4 0.108033 0.5854769 -0.8034585 0.2247857 0.546652 -0.8066244 0.4140872 0.4197922 -0.8076548 0.3269619 0.1459057 -0.9337063 0.2127836 0.1058251 -0.9713517 0.2163044 -0.09809509 -0.9713855 0.2373014 0.003286196 -0.9714305 0.1718845 -0.1635446 -0.9714468 0.09582431 -0.2172919 -0.9713917 0.04817294 -0.237199 -0.9702659 0.5415369 0.2395843 -0.8058146 0.3584681 0.004961972 -0.9335288 0.5119322 0.5198244 -0.6838918 0.1162872 0.7228583 -0.6811411 0.2773346 0.6742856 -0.6844154 0.5410871 0.8055151 -0.2415993 0.7997098 0.5526223 -0.2346759 0.6882739 0.7016301 -0.1843749 0.6790601 0.2743861 -0.6808742 0.5932955 0.008281257 -0.8049422 0.3317794 -0.13461 -0.9337037 0.5490479 -0.2213367 -0.8059507 0.2589391 -0.2465937 -0.9338855 0.1444166 -0.3279564 -0.933589 0.0727933 -0.357225 -0.9311775 0.4277629 -0.4078132 -0.8066643 0.688735 -0.2544619 -0.6788912 0.5302813 -0.5053331 -0.6807645 0.7335578 0.01121484 -0.6795345 0.9073556 0.3864586 -0.1653953 0.9543138 0.2011792 -0.2209346 0.9589982 -0.1752225 -0.2227544 0.9869179 0.01785761 -0.1602314 0.9157444 -0.3630097 -0.1721515 0.8168907 -0.5288282 -0.230283 0.2951164 -0.6737584 -0.6774629 0.5703247 -0.7883426 -0.2307504 0.2380324 -0.5430012 -0.8052889 0.7116726 -0.6781421 -0.1834272 0.120027 -0.5882623 -0.7997131 0.1297949 -0.7288819 -0.6722235 0.3956404 -0.9040754 -0.1616054 0.1947697 -0.954022 -0.2278306 0.1020398 -0.9802695 -0.1692915 0.3751606 0.9114872 -0.1686586 0.1832997 0.9549185 -0.2335208 0.09473631 0.9810014 -0.1692962 -0.1268859 -0.6127756 -0.7800039 0.04553882 0.466159 -0.8835281 -0.0656289 -0.6216241 -0.7805616 0.1102438 0.5098496 -0.8531704 -0.1596229 -0.9591891 0.2334024 -0.3805982 -0.9092316 0.1686505 -0.2337341 -0.5818912 -0.7789551 0.06479549 0.4088556 -0.9102959 0.1802751 0.4086534 -0.8947085 0.1570429 0.3798155 -0.9116346 -0.3270447 -0.5245981 -0.7860271 -0.565377 -0.7887045 0.2414415 0.2899693 0.4160301 -0.8618798 -0.4295024 -0.4359382 -0.7908764 0.2880783 0.2920392 -0.9119891 0.1237347 0.3013535 -0.9454501 0.05886825 0.3247357 -0.943971 0.2285572 0.2319151 -0.9455036 0.1013785 0.246973 -0.9637047 0.2978444 0.1325894 -0.9453617 0.381945 0.154677 -0.9111493 0.3105448 0.3138581 -0.8972486 0.4186161 0.2964845 -0.858404 -0.5078897 -0.3222545 -0.7988743 -0.7821375 -0.5773225 0.2344348 -0.6882739 -0.7016301 0.1843749 0.4162258 0.1864523 -0.8899391 0.3262427 0.00455008 -0.9452751 0.4120284 0.00398781 -0.9111623 0.5146777 0.1086425 -0.8504726 0.2440016 0.1084052 -0.9636968 0.2668716 0.003732552 -0.9637249 0.1872455 0.1899588 -0.9637711 0.04857345 0.2663982 -0.9626384 0.08472373 0.1909153 -0.9779434 0.1875151 0.09253408 -0.9778934 0.1521859 0.1429526 -0.9779591 0.208661 0.008776744 -0.9779487 0.2475156 -0.100094 -0.9636998 0.3022284 -0.1224468 -0.9453384 0.3858615 -0.1418575 -0.9115851 0.4635509 5.58844e-4 -0.8860701 0.5126945 -0.08864484 -0.8539827 -0.5563742 -0.2178468 -0.8018669 -0.5866278 -0.1111565 -0.802192 -0.5812359 -0.001708612 -0.8137333 -0.8945462 -0.4152966 0.1652749 -0.9473572 -0.2318831 0.2207819 -0.9870213 -0.01081375 0.1602251 -0.5437478 0.09979256 -0.8332946 0.4285407 -0.1665413 -0.888041 0.2977463 -0.2836121 -0.9115433 0.4357348 -0.2888052 -0.8524827 0.2359575 -0.2247481 -0.9454165 0.1936478 -0.07802681 -0.9779634 0.1932973 -0.1841675 -0.9637004 0.1470613 -0.008462836 -0.9890912 0.134698 0.05920611 -0.9891163 0.09694982 0.1108379 -0.9890984 0.04594214 0.1399342 -0.9890944 0.03930014 0.2086683 -0.9771965 0.02966771 0.1474404 -0.9886259 0.1331382 -0.06360445 -0.9890544 0.1566591 -0.1381219 -0.977947 0.08907744 -0.1888965 -0.9779485 0.1072447 -0.2444698 -0.963708 0.1311504 -0.2986965 -0.9452936 0.1653335 -0.3778476 -0.9109863 0.3232148 -0.320992 -0.8902226 0.2948869 -0.4296927 -0.853467 -0.4191022 0.3990266 -0.8155557 -0.4779087 0.30535 -0.823629 -0.5063817 0.1992584 -0.8389718 -0.9534016 0.203637 0.2226149 -0.9157444 0.3630097 0.1721515 -0.8345928 0.5004496 0.2302284 -0.7339667 0.65397 0.1833468 -0.5925171 0.7718698 0.2305221 -0.3269147 0.4602732 -0.825394 0.173446 -0.4228479 -0.8894471 -0.2285485 0.494968 -0.8383151 0.07220022 -0.4108342 -0.9088467 0.09744376 -0.5165966 -0.850666 0.06592129 -0.325614 -0.943202 0.05411176 -0.2665489 -0.9623012 0.09959062 -0.1082182 -0.9891261 0.04815181 -0.1396478 -0.9890298 0.04222318 -0.2084101 -0.9771297 0.02986868 -0.1480365 -0.9885308 0.04390409 -0.4536026 -0.890122 -0.05528401 0.5546411 -0.8302512 -0.1186762 0.5355733 -0.8361084 -0.3960715 0.9038866 0.1616055 -0.1947478 0.9540265 0.2278305 -0.1005963 0.9804144 0.1693165 -0.09473631 -0.9810014 0.1692962 -0.9944817 -0.1049098 -3.35508e-5 -0.9939801 -0.109561 -3.36774e-5 -0.9953372 -0.09645655 -3.33189e-5 -0.9998928 0.01464203 -3.00675e-5 -0.9976182 -0.06897815 -3.25499e-5 -0.9976556 -0.0684344 -3.25345e-5 -0.9985412 -0.05399554 -3.21209e-5 -1 0 -3.05176e-5 -0.9999102 0.01340014 -3.01059e-5 -0.9952154 0.09770505 -2.73898e-5 -0.9923493 0.1234621 -2.65163e-5 -0.9918134 0.1276954 -2.63708e-5 -0.9913519 0.1312303 -2.62488e-5 -0.9965534 0.08295395 -2.78808e-5 -0.9978026 0.06625696 -2.84285e-5 -1 0 -3.05176e-5 1 3.05502e-5 7.53165e-7 0.9215971 -0.3831516 0.06207857 0.9963841 -0.01907953 0.0827925 0.9923869 0.01819657 -0.1218081 0.9248246 -0.3802973 -0.008563691 0.7222031 -0.6916647 0.004751953 0.71368 -0.6969787 0.06986868 0.9259821 -0.373668 -0.05412329 0.9928247 -0.02419337 0.1171061 0.6962909 -0.7151477 0.06117754 0.386339 -0.9223399 0.005599241 0.3857591 -0.9225435 -0.0101713 0.7197741 -0.6869725 -0.09997006 0.3796644 -0.9230885 0.06133937 0.02032702 -0.999781 0.004979728 0.02553231 -0.9966219 -0.07805654 0.005890563 -0.9959702 0.0894911 -0.0133268 -0.9979686 0.06229822 0.01784362 -0.9969327 -0.07620245 0.7175782 -0.6922978 -0.07619281 1 2.8992e-5 1.0094e-5 0.7135543 -0.6945254 -0.09205872 0.9999981 3.10555e-4 -0.001914477 -0.6922969 -0.7175786 -0.07619653 0.01342125 -0.9956618 -0.09207325 -0.7150002 -0.6960928 0.06503499 -0.3809038 -0.924596 -0.005873862 -0.3762604 -0.9245223 -0.06071747 -0.3795286 -0.9225374 0.06987638 -0.7100296 -0.704169 -0.00200638 -0.6969612 -0.7096451 -0.1031934 -0.6966225 -0.7163095 0.04022152 -0.9930869 -0.02677713 -0.1142864 -0.9999849 -0.001077844 -0.005396374 -0.9245002 -0.3811671 0.003327517 -0.6945255 -0.7135542 -0.09205792 -0.03655785 -0.9969414 0.06907475 0.6742861 -0.7341209 0.08002975 0.9836556 -0.08413643 0.1591937 0.9999999 1.94804e-4 4.45194e-4 0.7210362 -0.6903321 0.05956866 0.02582432 -0.9971443 0.07096763 -0.6929234 -0.7192059 0.05099036 -0.7387222 -0.6671837 0.09568362 -0.9819799 -0.02729117 -0.1870043 -0.9999999 -2.04706e-4 -4.52474e-4 -0.992063 -0.04301697 0.118155 -0.7058167 -0.7058437 -0.06006324 1.4115e-5 -0.9902368 -0.1393951 0.7002347 -0.700172 -0.1393936 0.9902945 7.44256e-5 -0.1389848 0.6903354 -0.7205024 0.0656758 0.9919036 -0.03920764 0.1207894 -0.01697226 -0.9984986 0.05208203 -0.7057034 -0.7084816 -0.006048353 -0.9919039 -0.03920677 -0.1207867 -1 3.05176e-5 -4.96767e-8 0.7052434 -0.7089485 -0.00487008 -0.07742811 -0.9865855 -0.143715 -0.7046538 -0.7095225 0.00639628 0.9999284 -0.005643815 -0.01055494 0.9709361 -0.1759185 -0.1622828 0.7560232 -0.6509478 0.06852592 0.1500258 -0.978944 0.1384229 -0.6648709 -0.7451225 0.05233683 -0.9776484 -0.09962411 0.1851451 -0.9855046 -0.1246889 0.1150364 -0.7388037 -0.6658853 -0.1037591 -0.05189777 -0.9932647 -0.1035946 0.6823208 -0.7282385 -0.06408634 0.9858294 -0.0750591 -0.1500216 0.9980294 -0.006646266 -0.06239437 0.7069042 -0.7073091 5.72039e-4 0.002207816 -0.9995537 0.02979034 -0.7034202 -0.7098288 0.03664746 -0.9987744 -0.005164413 0.04922475 -1 2.67327e-5 1.47871e-5 -0.7055401 -0.7085942 0.01036682 0.001554095 -0.9998396 0.01784454 0.7087244 -0.7053655 0.01300927 0.9971391 -0.01146794 -0.07471404 0.438277 -0.8984985 0.02477414 0.0695814 -0.9972628 0.02500519 -0.3351614 -0.9418767 0.02313299 -0.658375 -0.7524272 0.01989092 -0.8921337 -0.4509272 0.02760714 -0.991652 -0.01881112 0.1275633 -0.4101384 -0.9028442 -0.1290691 -0.01197809 -0.9948086 -0.1010558 0.3534201 -0.9229607 -0.1524394 0.6645689 -0.7327734 -0.146258 0.7404576 -0.6719875 0.01246046 0.9264089 -0.3765069 0.003025881 1 1.48401e-5 -2.72594e-5 0.8942215 -0.4095724 -0.1806054 0.9772767 -0.03708207 -0.2086988 0.6908012 -0.7230448 -1.36953e-5 0.3800118 -0.9249154 -0.01106741 0.006464323 -0.9999791 9.55635e-5 -0.3900544 -0.9207918 1.97668e-5 -0.7097814 -0.7044173 -0.002574346 -0.7229692 -0.6762443 -0.1414539 -0.9211069 -0.3638042 -0.1385948 -0.9904565 -0.1307095 0.0437139 -0.9220078 -0.3868784 -0.01505946 -0.9999263 0.002252259 -0.01193143 -1 3.05276e-5 -5.23324e-7 0.9250025 -0.3794474 0.01975084 1 3.05227e-5 5.2324e-7 -0.9962243 -0.01958706 -0.08457797 -0.9203427 -0.3841658 -0.0733889 -1 3.05477e-5 -7.87246e-7 -0.920212 -0.3914117 -0.002596873 -0.9948791 0.01499903 0.09995337 -0.7549655 -0.294669 -0.5858304 -0.9290168 -0.2512957 -0.2716215 -0.9999697 0.007784388 3.32846e-5 -1 -2.27695e-5 -2.03306e-5 -0.6509866 0.02230752 -0.7587614 -0.9209891 0.2848101 -0.265824 -0.7543594 0.336606 -0.5635941 -1 2.37669e-5 -1.91561e-5</float_array>
          <technique_common>
            <accessor source="#geom-horn_VIS_O_OBJShape-map1-texbinormals-array" count="576" stride="3">
              <param name="X" type="float"/>
              <param name="Y" type="float"/>
              <param name="Z" type="float"/>
            </accessor>
          </technique_common>
        </source>
        <vertices id="geom-horn_VIS_O_OBJShape-vertices">
          <input semantic="POSITION" source="#geom-horn_VIS_O_OBJShape-positions"/>
        </vertices>
        <triangles material="def_horn_001" count="856">
          <input semantic="VERTEX" source="#geom-horn_VIS_O_OBJShape-vertices" offset="0"/>
          <input semantic="NORMAL" source="#geom-horn_VIS_O_OBJShape-normals" offset="1"/>
          <input semantic="COLOR" source="#geom-horn_VIS_O_OBJShape-map0" offset="2" set="0"/>
          <input semantic="TEXCOORD" source="#geom-horn_VIS_O_OBJShape-map1" offset="3" set="0"/>
          <input semantic="TEXTANGENT" source="#geom-horn_VIS_O_OBJShape-map1-textangents" offset="4" set="1"/>
          <input semantic="TEXBINORMAL" source="#geom-horn_VIS_O_OBJShape-map1-texbinormals" offset="4" set="1"/>
          <p>0 0 0 0 0 64 1 64 64 1 60 2 60 60 2 2 3 2 2 3 64 1 64 64 1 0 0 0 0 0 55 4 55 55 4 0 0 0 0 0 60 2 60 60 2 3 5 3 3 5 0 0 0 0 0 55 4 55 55 4 1 6 1 1 6 0 0 0 0 0 3 5 3 3 5 0 0 0 0 0 1 6 1 1 6 2 3 2 2 3 63 7 63 63 7 60 2 60 60 2 64 1 64 64 1 62 8 62 62 8 60 2 60 60 2 63 7 63 63 7 61 9 61 61 9 60 2 60 60 2 62 8 62 62 8 55 4 55 55 4 60 2 60 60 2 61 9 61 61 9 61 9 61 61 9 54 10 54 54 10 55 4 55 55 4 55 4 55 55 4 4 11 4 4 11 3 5 3 3 5 54 10 54 54 10 4 11 4 4 11 55 4 55 55 4 4 11 4 4 11 1 6 1 1 6 3 5 3 3 5 70 12 70 70 12 1 6 1 1 6 5 13 5 5 13 1 6 1 1 6 70 12 70 70 12 71 14 71 71 14 6 15 6 6 15 1 6 1 1 6 71 14 71 71 14 1 6 1 1 6 6 15 6 6 15 7 16 7 7 16 1 6 1 1 6 4 11 4 4 11 5 13 5 5 13 54 10 54 54 10 5 13 5 5 13 4 11 4 4 11 69 17 69 69 17 54 10 54 54 10 61 9 61 61 9 54 10 54 54 10 69 17 69 69 17 67 18 67 67 18 67 18 67 67 18 5 13 5 5 13 54 10 54 54 10 94 19 94 94 19 69 17 69 69 17 61 9 61 61 9 62 8 62 62 8 94 19 94 94 19 61 9 61 61 9 100 20 100 100 20 62 8 62 62 8 63 7 63 63 7 93 21 93 93 21 62 8 62 62 8 100 20 100 100 20 93 21 93 93 21 94 19 94 94 19 62 8 62 62 8 93 21 93 93 21 102 22 102 102 22 94 19 94 94 19 111 23 111 111 23 94 19 94 94 19 103 24 103 103 24 94 19 94 94 19 111 23 111 111 23 75 25 75 75 25 94 19 94 94 19 102 22 102 102 22 103 24 103 103 24 75 25 75 75 25 69 17 69 69 17 94 19 94 94 19 75 25 75 75 25 65 26 65 65 26 69 17 69 69 17 67 18 67 67 18 69 17 69 69 17 65 26 65 65 26 68 27 68 68 27 5 13 5 5 13 67 18 67 67 18 67 18 67 67 18 66 28 66 66 28 68 27 68 68 27 65 26 65 65 26 66 28 66 66 28 67 18 67 67 18 70 12 70 70 12 5 13 5 5 13 68 27 68 68 27 72 29 72 72 29 70 12 70 70 12 68 27 68 68 27 71 14 71 71 14 70 12 70 70 12 72 29 72 72 29 71 14 71 71 14 72 29 72 72 29 6 15 6 6 15 6 15 6 6 15 72 29 72 72 29 58 30 58 58 30 6 15 6 6 15 59 31 59 59 31 7 16 7 7 16 58 30 58 58 30 59 31 59 59 31 6 15 6 6 15 73 32 73 73 32 58 30 58 58 30 72 29 72 72 29 68 27 68 68 27 73 32 73 73 32 72 29 72 72 29 66 28 66 66 28 73 32 73 73 32 68 27 68 68 27 65 26 65 65 26 85 33 85 85 33 66 28 66 66 28 66 28 66 66 28 52 34 52 52 34 73 32 73 73 32 85 33 85 85 33 52 34 52 52 34 66 28 66 66 28 74 35 74 74 35 85 33 85 85 33 65 26 65 65 26 74 35 74 74 35 65 26 65 65 26 75 25 75 75 25 75 25 75 75 25 111 23 111 111 23 120 36 120 120 36 78 37 78 78 37 75 25 75 75 25 120 36 120 120 36 75 25 75 75 25 78 37 78 78 37 74 35 74 74 35 108 38 108 108 38 74 35 74 74 35 79 39 79 79 39 74 35 74 74 35 108 38 108 108 38 85 33 85 85 33 74 35 74 74 35 78 37 78 78 37 79 39 79 79 39 85 33 85 85 33 108 38 108 108 38 89 40 89 89 40 84 41 84 84 41 85 33 85 85 33 89 40 89 89 40 85 33 85 85 33 84 41 84 84 41 52 34 52 52 34 52 34 52 52 34 51 42 51 51 42 29 43 29 29 43 56 44 56 56 44 52 34 52 52 34 29 43 29 29 43 73 32 73 73 32 52 34 52 52 34 56 44 56 56 44 52 34 52 52 34 84 41 84 84 41 53 45 53 53 45 51 42 51 51 42 52 34 52 52 34 53 45 53 53 45 56 44 56 56 44 58 30 58 58 30 73 32 73 73 32 58 30 58 58 30 57 46 57 57 46 59 31 59 59 31 56 44 56 56 44 57 46 57 57 46 58 30 58 58 30 31 47 31 31 47 56 44 56 56 44 29 43 29 29 43 57 46 57 57 46 56 44 56 56 44 31 47 31 31 47 29 43 29 29 43 51 42 51 51 42 30 48 30 30 48 28 49 28 28 49 31 47 31 31 47 29 43 29 29 43 28 49 28 28 49 29 43 29 29 43 30 48 30 30 48 31 47 31 31 47 28 49 28 28 49 88 50 88 88 50 102 22 102 102 22 93 21 93 93 21 145 51 145 145 51 93 21 93 93 21 101 52 101 101 52 145 51 145 145 51 100 20 100 100 20 101 52 101 101 52 93 21 93 93 21 101 52 101 101 52 100 20 100 100 20 152 53 152 152 53 50 54 50 50 54 8 55 8 8 55 91 56 91 91 56 9 57 9 9 57 8 55 8 8 55 50 54 50 50 54 8 55 8 8 55 12 58 12 12 58 91 56 91 91 56 13 59 13 13 59 8 55 8 8 55 10 60 10 10 60 12 58 12 12 58 8 55 8 8 55 13 59 13 13 59 8 55 8 8 55 9 57 9 9 57 10 60 10 10 60 49 61 49 49 61 9 57 9 9 57 50 54 50 50 54 9 57 9 9 57 47 62 47 47 62 11 63 11 11 63 9 57 9 9 57 49 61 49 49 61 47 62 47 47 62 10 60 10 10 60 9 57 9 9 57 11 63 11 11 63 104 64 104 104 64 13 59 13 13 59 10 60 10 10 60 11 63 11 11 63 104 64 104 104 64 10 60 10 10 60 106 65 106 106 65 13 59 13 13 59 104 64 104 104 64 48 66 48 48 66 104 64 104 104 64 11 63 11 11 63 104 64 104 104 64 48 66 48 48 66 105 67 105 105 67 104 64 104 104 64 105 67 105 105 67 106 65 106 106 65 47 62 47 47 62 48 66 48 48 66 11 63 11 11 63 150 68 150 150 68 44 69 44 44 69 47 62 47 47 62 47 62 47 47 62 49 61 49 49 61 150 68 150 150 68 48 66 48 48 66 47 62 47 47 62 44 69 44 44 69 150 68 150 150 68 49 61 49 49 61 151 70 151 151 70 149 71 149 149 71 44 69 44 44 69 150 68 150 150 68 139 72 139 139 72 149 71 149 149 71 150 68 150 150 68 150 68 150 150 68 151 70 151 151 70 139 72 139 139 72 146 73 146 146 73 44 69 44 44 69 149 71 149 149 71 41 74 41 41 74 44 69 44 44 69 146 73 146 146 73 48 66 48 48 66 44 69 44 44 69 46 75 46 46 75 45 76 45 45 76 44 69 44 44 69 41 74 41 41 74 44 69 44 44 69 45 76 45 45 76 46 75 46 46 75 105 67 105 105 67 48 66 48 48 66 46 75 46 46 75 45 76 45 45 76 105 67 105 105 67 46 75 46 46 75 112 77 112 112 77 105 67 105 105 67 45 76 45 45 76 105 67 105 105 67 113 78 113 113 78 107 79 107 107 79 112 77 112 112 77 113 78 113 113 78 105 67 105 105 67 106 65 106 106 65 105 67 105 105 67 107 79 107 107 79 45 76 45 45 76 43 80 43 43 80 112 77 112 112 77 45 76 45 45 76 41 74 41 41 74 43 80 43 43 80 118 81 118 118 81 41 74 41 41 74 146 73 146 146 73 38 82 38 38 82 41 74 41 41 74 118 81 118 118 81 42 83 42 42 83 41 74 41 41 74 38 82 38 38 82 41 74 41 41 74 42 83 42 42 83 43 80 43 43 80 149 71 149 149 71 143 84 143 143 84 146 73 146 146 73 147 85 147 147 85 146 73 146 146 73 143 84 143 143 84 118 81 118 118 81 146 73 146 146 73 147 85 147 147 85 141 86 141 141 86 143 84 143 143 84 149 71 149 149 71 141 86 141 141 86 149 71 149 149 71 139 72 139 139 72 139 72 139 139 72 151 70 151 151 70 140 87 140 140 87 139 72 139 139 72 135 88 135 135 88 141 86 141 141 86 139 72 139 139 72 140 87 140 140 87 135 88 135 135 88 144 89 144 144 89 141 86 141 141 86 142 90 142 142 90 143 84 143 143 84 141 86 141 141 86 144 89 144 144 89 141 86 141 141 86 135 88 135 135 88 142 90 142 142 90 148 91 148 148 91 143 84 143 143 84 144 89 144 144 89 147 85 147 147 85 143 84 143 143 84 148 91 148 148 91 148 91 148 148 91 132 92 132 132 92 147 85 147 147 85 109 93 109 109 93 147 85 147 147 85 132 92 132 132 92 118 81 118 118 81 147 85 147 147 85 109 93 109 109 93 118 81 118 118 81 35 94 35 35 94 38 82 38 38 82 109 93 109 109 93 35 94 35 35 94 118 81 118 118 81 42 83 42 42 83 38 82 38 38 82 40 95 40 40 95 39 96 39 39 96 38 82 38 38 82 35 94 35 35 94 38 82 38 38 82 39 96 39 39 96 40 95 40 40 95 42 83 42 42 83 117 97 117 117 97 43 80 43 43 80 114 98 114 114 98 117 97 117 117 97 42 83 42 42 83 97 99 97 97 99 42 83 42 42 83 40 95 40 40 95 114 98 114 114 98 42 83 42 42 83 97 99 97 97 99 112 77 112 112 77 43 80 43 43 80 117 97 117 117 97 119 100 119 119 100 112 77 112 112 77 117 97 117 117 97 113 78 113 113 78 112 77 112 112 77 119 100 119 119 100 117 97 117 117 97 115 101 115 115 101 119 100 119 119 100 114 98 114 114 98 115 101 115 115 101 117 97 117 117 97 99 102 99 99 102 114 98 114 114 98 97 99 97 97 99 115 101 115 115 101 114 98 114 114 98 99 102 99 99 102 96 103 96 96 103 99 102 99 99 102 97 99 97 97 99 39 96 39 39 96 97 99 97 97 99 40 95 40 40 95 96 103 96 96 103 97 99 97 97 99 39 96 39 39 96 39 96 39 39 96 35 94 35 35 94 37 104 37 37 104 39 96 39 39 96 37 104 37 37 104 96 103 96 96 103 35 94 35 35 94 109 93 109 109 93 32 105 32 32 105 36 106 36 36 106 35 94 35 35 94 32 105 32 32 105 35 94 35 35 94 36 106 36 36 106 37 104 37 37 104 109 93 109 109 93 132 92 132 132 92 110 107 110 110 107 32 105 32 32 105 109 93 109 109 93 110 107 110 110 107 133 108 133 133 108 132 92 132 132 92 148 91 148 148 91 133 108 133 133 108 123 109 123 123 109 132 92 132 132 92 110 107 110 110 107 132 92 132 132 92 123 109 123 123 109 148 91 148 148 91 155 110 155 155 110 133 108 133 133 108 154 111 154 154 111 148 91 148 148 91 144 89 144 144 89 155 110 155 155 110 148 91 148 148 91 154 111 154 154 111 142 90 142 142 90 154 111 154 154 111 144 89 144 144 89 153 112 153 153 112 154 111 154 154 111 142 90 142 142 90 142 90 142 142 90 135 88 135 135 88 153 112 153 153 112 153 112 153 153 112 135 88 135 135 88 137 113 137 137 113 135 88 135 135 88 140 87 140 140 87 136 114 136 136 114 135 88 135 135 88 136 114 136 136 114 137 113 137 137 113 137 113 137 137 113 136 114 136 136 114 138 115 138 138 115 133 108 133 133 108 155 110 155 155 110 134 116 134 134 116 133 108 133 133 108 134 116 134 134 116 130 117 130 130 117 130 117 130 130 117 123 109 123 123 109 133 108 133 133 108 125 118 125 125 118 123 109 123 123 109 130 117 130 130 117 124 119 124 124 119 123 109 123 123 109 125 118 125 125 118 123 109 123 123 109 124 119 124 124 119 110 107 110 110 107 122 120 122 122 120 32 105 32 32 105 110 107 110 110 107 110 107 110 110 107 124 119 124 124 119 122 120 122 122 120 20 121 20 20 121 32 105 32 32 105 122 120 122 122 120 36 106 36 36 106 32 105 32 32 105 34 122 34 34 122 33 123 33 33 123 32 105 32 32 105 20 121 20 20 121 32 105 32 32 105 33 123 33 33 123 34 122 34 34 122 77 124 77 77 124 36 106 36 36 106 34 122 34 34 122 87 125 87 87 125 36 106 36 36 106 77 124 77 77 124 36 106 36 36 106 87 125 87 87 125 37 104 37 37 104 96 103 96 96 103 37 104 37 37 104 95 126 95 95 126 37 104 37 37 104 87 125 87 87 125 95 126 95 95 126 96 103 96 96 103 95 126 95 95 126 98 127 98 98 127 98 127 98 98 127 99 102 99 99 102 96 103 96 96 103 98 127 98 98 127 95 126 95 95 126 116 128 116 116 128 95 126 95 95 126 86 129 86 86 129 116 128 116 116 128 87 125 87 87 125 86 129 86 86 129 95 126 95 95 126 81 130 81 81 130 87 125 87 87 125 77 124 77 77 124 86 129 86 86 129 87 125 87 87 125 81 130 81 81 130 77 124 77 77 124 80 131 80 80 131 81 130 81 81 130 76 132 76 76 132 80 131 80 80 131 77 124 77 77 124 34 122 34 34 122 76 132 76 76 132 77 124 77 77 124 33 123 33 33 123 76 132 76 76 132 34 122 34 34 122 33 123 33 33 123 20 121 20 20 121 22 133 22 22 133 25 134 25 25 134 33 123 33 33 123 22 133 22 22 133 76 132 76 76 132 33 123 33 33 123 25 134 25 25 134 122 120 122 122 120 23 135 23 23 135 20 121 20 20 121 21 136 21 21 136 20 121 20 20 121 23 135 23 23 135 20 121 20 20 121 21 136 21 21 136 22 133 22 22 133 124 119 124 124 119 121 137 121 121 137 122 120 122 122 120 121 137 121 121 137 23 135 23 23 135 122 120 122 122 120 129 138 129 129 138 121 137 121 121 137 124 119 124 124 119 125 118 125 125 118 129 138 129 129 138 124 119 124 124 119 125 118 125 125 118 131 139 131 131 139 126 140 126 126 140 130 117 130 130 117 131 139 131 131 139 125 118 125 125 118 127 141 127 127 141 129 138 129 129 138 125 118 125 125 118 125 118 125 125 118 126 140 126 126 140 127 141 127 127 141 130 117 130 130 117 134 116 134 134 116 131 139 131 131 139 127 141 127 127 141 126 140 126 126 140 128 142 128 128 142 21 136 21 21 136 23 135 23 23 135 90 143 90 90 143 83 144 83 83 144 21 136 21 21 136 90 143 90 90 143 24 145 24 24 145 21 136 21 21 136 83 144 83 83 144 21 136 21 21 136 24 145 24 24 145 22 133 22 22 133 22 133 22 22 133 24 145 24 24 145 25 134 25 25 134 27 146 27 27 146 76 132 76 76 132 25 134 25 25 134 24 145 24 24 145 27 146 27 27 146 25 134 25 25 134 80 131 80 80 131 76 132 76 76 132 27 146 27 27 146 26 147 26 26 147 27 146 27 27 146 24 145 24 24 145 82 148 82 82 148 24 145 24 24 145 83 144 83 83 144 26 147 26 26 147 24 145 24 24 145 82 148 82 82 148 91 56 91 91 56 12 58 12 12 58 92 149 92 92 149 15 150 15 15 150 14 151 14 14 151 164 152 164 164 152 14 151 14 14 151 16 153 16 16 153 173 154 173 173 154 14 151 14 14 151 15 150 15 15 150 16 153 16 16 153 164 152 164 164 152 166 155 166 166 155 15 150 15 15 150 164 152 164 164 152 165 156 165 165 156 166 155 166 166 155 166 155 166 166 155 165 156 165 165 156 167 157 167 167 157 187 158 187 187 158 173 154 173 173 154 174 159 174 174 159 17 160 17 17 160 173 154 173 173 154 187 158 187 187 158 173 154 173 173 154 16 153 16 16 153 174 159 174 174 159 18 161 18 18 161 17 160 17 17 160 187 158 187 187 158 17 160 17 17 160 18 161 18 18 161 19 162 19 19 162 191 163 191 191 163 19 162 19 19 162 18 161 18 18 161 19 162 19 19 162 191 163 191 191 163 192 164 192 192 164 192 164 192 192 164 191 163 191 191 163 193 165 193 193 165 156 166 156 156 166 273 167 273 273 167 159 168 159 159 168 157 169 157 157 169 156 166 156 156 166 159 168 159 159 168 156 166 156 156 166 157 169 157 157 169 158 170 158 158 170 159 168 159 159 168 273 167 273 273 167 263 171 263 263 171 261 172 261 261 172 273 167 273 273 167 269 173 269 269 173 263 171 263 263 171 273 167 273 273 167 261 172 261 261 172 159 168 159 159 168 179 174 179 179 174 274 175 274 274 175 157 169 157 157 169 159 168 159 159 168 274 175 274 274 175 264 176 264 264 176 159 168 159 159 168 263 171 263 263 171 181 177 181 181 177 159 168 159 159 168 264 176 264 264 176 181 177 181 181 177 179 174 179 179 174 159 168 159 159 168 275 178 275 275 178 157 169 157 157 169 274 175 274 274 175 160 179 160 160 179 157 169 157 157 169 275 178 275 275 178 157 169 157 157 169 160 179 160 160 179 158 170 158 158 170 158 170 158 158 170 160 179 160 160 179 161 180 161 161 180 278 181 278 278 181 160 179 160 160 179 275 178 275 275 178 162 182 162 162 182 160 179 160 160 179 278 181 278 278 181 160 179 160 160 179 162 182 162 162 182 161 180 161 161 180 175 183 175 175 183 278 181 278 278 181 275 178 275 275 178 274 175 274 274 175 175 183 175 175 183 275 178 275 275 178 179 174 179 179 174 175 183 175 175 183 274 175 274 274 175 179 174 179 179 174 181 177 181 181 177 180 184 180 180 184 176 185 176 176 185 179 174 179 179 174 180 184 180 180 184 175 183 175 175 183 179 174 179 179 174 176 185 176 176 185 183 186 183 183 186 182 187 182 182 187 181 177 181 181 177 265 188 265 265 188 181 177 181 181 177 264 176 264 264 176 183 186 183 183 186 181 177 181 181 177 265 188 265 265 188 181 177 181 181 177 182 187 182 182 187 180 184 180 180 184 266 189 266 266 189 264 176 264 264 176 262 190 262 262 190 265 188 265 265 188 264 176 264 264 176 266 189 266 266 189 263 171 263 263 171 262 190 262 262 190 264 176 264 264 176 261 172 261 261 172 262 190 262 262 190 263 171 263 263 171 268 191 268 268 191 261 172 261 261 172 269 173 269 269 173 267 192 267 267 192 261 172 261 261 172 268 191 268 268 191 261 172 261 261 172 267 192 267 267 192 262 190 262 262 190 262 190 262 262 190 260 193 260 260 193 266 189 266 266 189 262 190 262 262 190 267 192 267 267 192 260 193 260 260 193 266 189 266 266 189 259 194 259 259 194 271 195 271 271 195 266 189 266 266 189 260 193 260 260 193 259 194 259 259 194 270 196 270 270 196 266 189 266 266 189 271 195 271 271 195 265 188 265 265 188 266 189 266 266 189 270 196 270 270 196 200 197 200 200 197 265 188 265 265 188 270 196 270 270 196 183 186 183 183 186 265 188 265 265 188 200 197 200 200 197 183 186 183 183 186 198 198 198 198 198 184 199 184 184 199 200 197 200 200 197 198 198 198 198 198 183 186 183 183 186 182 187 182 182 187 183 186 183 183 186 184 199 184 184 199 277 200 277 277 200 182 187 182 182 187 184 199 184 184 199 185 201 185 185 201 182 187 182 182 187 277 200 277 277 200 182 187 182 182 187 185 201 185 185 201 180 184 180 180 184 180 184 180 180 184 185 201 185 185 201 176 185 176 176 185 176 185 176 176 185 186 202 186 186 202 178 203 178 178 203 185 201 185 185 201 186 202 186 186 202 176 185 176 176 185 177 204 177 177 204 176 185 176 176 185 178 203 178 178 203 175 183 175 175 183 176 185 176 176 185 177 204 177 177 204 177 204 177 177 204 278 181 278 278 181 175 183 175 175 183 186 202 186 186 202 185 201 185 185 201 276 205 276 276 205 276 205 276 276 205 185 201 185 185 201 277 200 277 277 200 184 199 184 184 199 194 206 194 194 206 277 200 277 277 200 194 206 194 194 206 276 205 276 276 205 277 200 277 277 200 198 198 198 198 198 194 206 194 194 206 184 199 184 184 199 198 198 198 198 198 200 197 200 200 197 199 207 199 199 207 195 208 195 195 208 198 198 198 198 198 199 207 199 199 207 194 206 194 194 206 198 198 198 198 198 195 208 195 195 208 196 209 196 196 209 276 205 276 276 205 194 206 194 194 206 194 206 194 194 206 195 208 195 195 208 196 209 196 196 209 196 209 196 196 209 195 208 195 195 208 197 210 197 197 210 271 195 271 271 195 259 194 259 259 194 272 211 272 272 211 259 194 259 259 194 257 212 257 257 212 272 211 272 272 211 259 194 259 259 194 260 193 260 260 193 257 212 257 257 212 260 193 260 260 193 267 192 267 267 192 254 213 254 254 213 257 212 257 257 212 260 193 260 260 193 254 213 254 254 213 267 192 267 267 192 256 214 256 256 214 253 215 253 253 215 268 191 268 268 191 256 214 256 256 214 267 192 267 267 192 254 213 254 254 213 267 192 267 267 192 253 215 253 253 215 252 216 252 252 216 257 212 257 257 212 254 213 254 254 213 253 215 253 253 215 252 216 252 252 216 254 213 254 254 213 272 211 272 272 211 257 212 257 257 212 258 217 258 258 217 257 212 257 257 212 249 218 249 249 218 258 217 258 258 217 249 218 249 249 218 257 212 257 257 212 252 216 252 252 216 252 216 252 252 216 247 219 247 247 219 246 220 246 246 220 251 221 251 251 221 247 219 247 247 219 252 216 252 252 216 246 220 246 246 220 249 218 249 249 218 252 216 252 252 216 251 221 251 251 221 252 216 252 252 216 253 215 253 253 215 256 214 256 256 214 251 221 251 251 221 253 215 253 253 215 255 222 255 255 222 251 221 251 251 221 256 214 256 256 214 251 221 251 251 221 255 222 255 255 222 247 219 247 247 219 247 219 247 247 219 255 222 255 255 222 248 223 248 248 223 247 219 247 247 219 240 224 240 240 224 239 225 239 239 225 248 223 248 248 223 240 224 240 240 224 247 219 247 247 219 247 219 247 247 219 239 225 239 239 225 246 220 246 246 220 244 226 244 244 226 249 218 249 249 218 246 220 246 246 220 246 220 246 246 220 239 225 239 239 225 241 227 241 241 227 246 220 246 246 220 241 227 241 241 227 244 226 244 244 226 258 217 258 258 217 249 218 249 249 218 250 228 250 250 228 249 218 249 249 218 244 226 244 244 226 250 228 250 250 228 250 228 250 250 228 244 226 244 244 226 245 229 245 245 229 244 226 244 244 226 241 227 241 241 227 242 230 242 242 230 244 226 244 244 226 242 230 242 242 230 245 229 245 245 229 241 227 241 241 227 238 231 238 238 231 242 230 242 242 230 241 227 241 241 227 239 225 239 239 225 238 231 238 238 231 238 231 238 238 231 239 225 239 239 225 237 232 237 237 232 236 233 236 236 233 239 225 239 239 225 240 224 240 240 224 237 232 237 237 232 239 225 239 239 225 236 233 236 236 233 242 230 242 242 230 238 231 238 238 231 227 234 227 227 234 238 231 238 238 231 234 235 234 234 235 235 236 235 235 236 237 232 237 237 232 234 235 234 234 235 238 231 238 238 231 238 231 238 238 231 235 236 235 235 236 227 234 227 227 234 245 229 245 245 229 242 230 242 242 230 243 237 243 243 237 242 230 242 242 230 227 234 227 227 234 243 237 243 243 237 243 237 243 243 237 227 234 227 227 234 229 238 229 229 238 227 234 227 227 234 235 236 235 235 236 228 239 228 228 239 227 234 227 227 234 228 239 228 228 239 229 238 229 229 238 225 240 225 225 240 235 236 235 235 236 234 235 234 234 235 226 241 226 226 241 235 236 235 235 236 225 240 225 225 240 226 241 226 226 241 228 239 228 228 239 235 236 235 235 236 237 232 237 237 232 233 242 233 233 242 234 235 234 234 235 234 235 234 234 235 224 243 224 224 243 225 240 225 225 240 233 242 233 233 242 224 243 224 224 243 234 235 234 234 235 236 233 236 236 233 233 242 233 233 242 237 232 237 237 232 224 243 224 224 243 201 244 201 201 244 225 240 225 225 240 220 245 220 220 245 201 244 201 201 244 224 243 224 224 243 225 240 225 225 240 211 246 211 211 246 226 241 226 226 241 201 244 201 201 244 211 246 211 211 246 225 240 225 225 240 231 247 231 231 247 228 239 228 228 239 226 241 226 226 241 226 241 226 226 241 216 248 216 216 248 231 247 231 231 247 211 246 211 211 246 216 248 216 216 248 226 241 226 226 241 228 239 228 228 239 231 247 231 231 247 230 249 230 230 249 229 238 229 229 238 228 239 228 228 239 230 249 230 230 249 230 249 230 230 249 231 247 231 231 247 232 250 232 232 250 231 247 231 231 247 221 251 221 221 251 232 250 232 232 250 216 248 216 216 248 221 251 221 221 251 231 247 231 231 247 216 248 216 216 248 210 252 210 210 252 217 253 217 217 253 215 254 215 215 254 221 251 221 221 251 216 248 216 216 248 210 252 210 210 252 216 248 216 216 248 211 246 211 211 246 215 254 215 215 254 216 248 216 216 248 217 253 217 217 253 211 246 211 211 246 207 255 207 207 255 212 256 212 212 256 207 255 207 207 255 211 246 211 211 246 201 244 201 201 244 210 252 210 210 252 211 246 211 211 246 212 256 212 212 256 202 257 202 202 257 201 244 201 201 244 220 245 220 220 245 207 255 207 207 255 201 244 201 201 244 203 258 203 203 258 201 244 201 201 244 202 257 202 202 257 203 258 203 203 258 202 257 202 202 257 220 245 220 220 245 206 259 206 206 259 202 257 202 202 257 205 260 205 205 260 203 258 203 203 258 206 259 206 206 259 205 260 205 205 260 202 257 202 202 257 203 258 203 203 258 205 260 205 205 260 208 261 208 208 261 203 258 203 203 258 209 262 209 209 262 207 255 207 207 255 208 261 208 208 261 209 262 209 209 262 203 258 203 203 258 207 255 207 207 255 209 262 209 209 262 212 256 212 212 256 212 256 212 212 256 209 262 209 209 262 213 263 213 213 263 212 256 212 212 256 214 264 214 214 264 210 252 210 210 252 213 263 213 213 263 214 264 214 214 264 212 256 212 212 256 210 252 210 210 252 214 264 214 214 264 217 253 217 217 253 217 253 217 217 253 214 264 214 214 264 218 265 218 218 265 217 253 217 217 253 219 266 219 219 266 215 254 215 215 254 218 265 218 218 265 219 266 219 219 266 217 253 217 217 253 215 254 215 215 254 219 266 219 219 266 222 267 222 222 267 221 251 221 221 251 215 254 215 215 254 222 267 222 222 267 575 268 575 575 268 219 266 219 219 266 574 269 574 574 269 223 270 223 223 270 219 266 219 219 266 575 268 575 575 268 219 266 219 219 266 218 265 218 218 265 574 269 574 574 269 222 267 222 222 267 219 266 219 219 266 223 270 223 223 270 574 269 574 574 269 218 265 218 218 265 573 271 573 573 271 218 265 218 218 265 214 264 214 214 264 573 271 573 573 271 573 271 573 573 271 214 264 214 214 264 572 272 572 572 272 571 273 571 571 273 214 264 214 214 264 213 263 213 213 263 572 272 572 572 272 214 264 214 214 264 571 273 571 571 273 570 274 570 570 274 213 263 213 213 263 209 262 209 209 262 571 273 571 571 273 213 263 213 213 263 570 274 570 570 274 569 275 569 569 275 209 262 209 209 262 208 261 208 208 261 570 274 570 570 274 209 262 209 209 262 569 275 569 569 275 567 276 567 567 276 208 261 208 208 261 205 260 205 205 260 569 275 569 569 275 208 261 208 208 261 567 276 567 567 276 568 277 568 568 277 205 260 205 205 260 204 278 204 204 278 567 276 567 567 276 205 260 205 205 260 568 277 568 568 277 204 278 204 204 278 205 260 205 205 260 206 259 206 206 259 161 180 161 161 180 162 182 162 162 182 163 279 163 163 279 171 280 171 171 280 169 281 169 169 281 168 282 168 168 282 168 282 168 168 282 169 281 169 169 281 170 283 170 170 283 169 281 169 169 281 171 280 171 171 280 172 284 172 172 284 169 281 169 169 281 188 285 188 188 285 189 286 189 189 286 169 281 169 169 281 189 286 189 189 286 190 287 190 190 287 188 285 188 188 285 169 281 169 169 281 172 284 172 172 284 279 288 279 279 288 343 289 343 343 289 280 290 280 280 290 340 291 340 340 291 343 289 343 343 289 279 288 279 279 288 333 292 333 333 292 279 288 279 279 288 282 293 282 282 293 340 291 340 340 291 279 288 279 279 288 333 292 333 333 292 281 294 281 281 294 282 293 282 282 293 279 288 279 279 288 279 288 279 279 288 280 290 280 280 290 281 294 281 281 294 340 291 340 340 291 342 295 342 342 295 343 289 343 343 289 339 296 339 339 296 342 295 342 342 295 340 291 340 340 291 341 297 341 341 297 340 291 340 340 291 333 292 333 333 292 339 296 339 339 296 340 291 340 340 291 341 297 341 341 297 333 292 333 333 292 334 298 334 334 298 341 297 341 341 297 333 292 333 333 292 283 299 283 283 299 334 298 334 334 298 282 293 282 282 293 283 299 283 283 299 333 292 333 333 292 283 299 283 283 299 282 293 282 282 293 281 294 281 281 294 349 300 349 349 300 284 301 284 284 301 281 294 281 281 294 281 294 281 281 294 350 302 350 350 302 349 300 349 349 300 286 303 286 286 303 350 302 350 350 302 281 294 281 281 294 281 294 281 281 294 285 304 285 285 304 286 303 286 286 303 281 294 281 281 294 284 301 284 284 301 283 299 283 283 299 283 299 283 283 299 284 301 284 284 301 334 298 334 334 298 341 297 341 341 297 334 298 334 334 298 348 305 348 348 305 345 306 345 345 306 348 305 348 348 305 334 298 334 334 298 334 298 334 334 298 284 301 284 284 301 345 306 345 345 306 341 297 341 341 297 348 305 348 348 305 373 307 373 373 307 373 307 373 373 307 339 296 339 339 296 341 297 341 341 297 379 308 379 379 308 339 296 339 339 296 372 309 372 372 309 342 295 342 342 295 339 296 339 339 296 379 308 379 379 308 372 309 372 372 309 339 296 339 339 296 373 307 373 373 307 372 309 372 372 309 373 307 373 373 307 382 310 382 382 310 396 311 396 396 311 381 312 381 381 312 373 307 373 373 307 373 307 373 373 307 354 313 354 354 313 396 311 396 396 311 373 307 373 373 307 381 312 381 381 312 382 310 382 382 310 373 307 373 373 307 348 305 348 348 305 354 313 354 354 313 344 314 344 344 314 354 313 354 354 313 348 305 348 348 305 344 314 344 344 314 348 305 348 348 305 345 306 345 345 306 284 301 284 284 301 347 315 347 347 315 345 306 345 345 306 346 316 346 346 316 345 306 345 345 306 347 315 347 347 315 344 314 344 344 314 345 306 345 345 306 346 316 346 346 316 349 300 349 349 300 347 315 347 347 315 284 301 284 284 301 351 317 351 351 317 349 300 349 349 300 350 302 350 350 302 347 315 347 347 315 349 300 349 349 300 351 317 351 351 317 350 302 350 350 302 286 303 286 286 303 351 317 351 351 317 351 317 351 351 317 286 303 286 286 303 337 318 337 337 318 335 319 335 335 319 286 303 286 286 303 285 304 285 285 304 337 318 337 337 318 286 303 286 286 303 335 319 335 335 319 337 318 337 337 318 352 320 352 352 320 351 317 351 351 317 351 317 351 351 317 352 320 352 352 320 347 315 347 347 315 347 315 347 347 315 352 320 352 352 320 346 316 346 346 316 364 321 364 364 321 344 314 344 344 314 346 316 346 346 316 332 322 332 332 322 346 316 346 346 316 352 320 352 352 320 364 321 364 364 321 346 316 346 346 316 332 322 332 332 322 353 323 353 353 323 344 314 344 344 314 364 321 364 364 321 353 323 353 353 323 354 313 354 354 313 344 314 344 344 314 354 313 354 354 313 409 324 409 409 324 396 311 396 396 311 358 325 358 358 325 409 324 409 409 324 354 313 354 354 313 354 313 354 354 313 353 323 353 353 323 358 325 358 358 325 387 326 387 387 326 357 327 357 357 327 353 323 353 353 323 353 323 353 353 323 364 321 364 364 321 387 326 387 387 326 353 323 353 353 323 357 327 357 357 327 358 325 358 358 325 364 321 364 364 321 368 328 368 368 328 387 326 387 387 326 363 329 363 363 329 368 328 368 368 328 364 321 364 364 321 364 321 364 364 321 332 322 332 332 322 363 329 363 363 329 332 322 332 332 322 309 330 309 309 330 330 331 330 330 331 332 322 332 332 322 338 332 338 338 332 309 330 309 309 330 352 320 352 352 320 338 332 338 338 332 332 322 332 332 322 332 322 332 332 322 331 333 331 331 333 363 329 363 363 329 330 331 330 330 331 331 333 331 331 333 332 322 332 332 322 338 332 338 338 332 352 320 352 352 320 337 318 337 337 318 337 318 337 337 318 336 334 336 336 334 338 332 338 338 332 335 319 335 335 319 336 334 336 336 334 337 318 337 337 318 310 335 310 310 335 338 332 338 338 332 336 334 336 336 334 309 330 309 309 330 338 332 338 338 332 310 335 310 310 335 309 330 309 309 330 308 336 308 308 336 330 331 330 330 331 307 337 307 307 337 309 330 309 309 330 310 335 310 310 335 307 337 307 307 337 308 336 308 308 336 309 330 309 309 330 310 335 310 310 335 367 338 367 367 338 307 337 307 307 337 382 310 382 382 310 442 339 442 442 339 372 309 372 372 309 372 309 372 372 309 442 339 442 442 339 380 340 380 380 340 379 308 379 379 308 372 309 372 372 309 380 340 380 380 340 380 340 380 380 340 449 341 449 449 341 379 308 379 379 308 287 342 287 287 342 329 343 329 329 343 370 344 370 370 344 289 345 289 289 345 329 343 329 329 343 287 342 287 287 342 287 342 287 287 342 370 344 370 370 344 291 346 291 291 346 287 342 287 287 342 292 347 292 292 347 288 348 288 288 348 291 346 291 291 346 292 347 292 292 347 287 342 287 287 342 287 342 287 287 342 288 348 288 288 348 289 345 289 289 345 328 349 328 328 349 329 343 329 329 343 289 345 289 289 345 289 345 289 289 345 290 350 290 290 350 326 351 326 326 351 289 345 289 289 345 326 351 326 326 351 328 349 328 328 349 289 345 289 289 345 288 348 288 288 348 290 350 290 290 350 288 348 288 288 348 292 347 292 292 347 386 352 386 386 352 386 352 386 386 352 290 350 290 290 350 288 348 288 288 348 386 352 386 386 352 292 347 292 292 347 385 353 385 385 353 327 354 327 327 354 290 350 290 290 350 386 352 386 386 352 386 352 386 386 352 384 355 384 384 355 327 354 327 327 354 385 353 385 385 353 384 355 384 384 355 386 352 386 386 352 326 351 326 326 351 290 350 290 290 350 327 354 327 327 354 323 356 323 323 356 447 357 447 447 357 326 351 326 326 351 447 357 447 447 357 328 349 328 328 349 326 351 326 326 351 327 354 327 327 354 323 356 323 323 356 326 351 326 326 351 448 358 448 448 358 328 349 328 328 349 447 357 447 447 357 446 359 446 446 359 447 357 447 447 357 323 356 323 323 356 447 357 447 447 357 446 359 446 446 359 436 360 436 436 360 447 357 447 447 357 436 360 436 436 360 448 358 448 448 358 443 361 443 443 361 323 356 323 323 356 320 362 320 320 362 446 359 446 446 359 323 356 323 323 356 443 361 443 443 361 327 354 327 327 354 324 363 324 324 363 323 356 323 323 356 325 364 325 325 364 320 362 320 320 362 323 356 323 323 356 323 356 323 323 356 324 363 324 324 363 325 364 325 325 364 327 354 327 327 354 384 355 384 384 355 324 363 324 324 363 325 364 325 325 364 384 355 384 384 355 397 365 397 397 365 324 363 324 324 363 384 355 384 384 355 325 364 325 325 364 398 366 398 398 366 384 355 384 384 355 383 367 383 383 367 397 365 397 397 365 384 355 384 384 355 398 366 398 398 366 383 367 383 383 367 384 355 384 384 355 385 353 385 385 353 397 365 397 397 365 321 368 321 321 368 325 364 325 325 364 325 364 325 325 364 321 368 321 321 368 320 362 320 320 362 403 369 403 403 369 320 362 320 320 362 317 370 317 317 370 443 361 443 443 361 320 362 320 320 362 403 369 403 403 369 322 371 322 322 371 317 370 317 317 370 320 362 320 320 362 320 362 320 320 362 321 368 321 321 368 322 371 322 322 371 443 361 443 443 361 441 372 441 441 372 446 359 446 446 359 445 373 445 445 373 443 361 443 443 361 403 369 403 403 369 441 372 441 441 372 443 361 443 443 361 445 373 445 445 373 446 359 446 446 359 441 372 441 441 372 439 374 439 439 374 436 360 436 436 360 446 359 446 446 359 439 374 439 439 374 448 358 448 448 358 436 360 436 436 360 437 375 437 437 375 439 374 439 439 374 435 376 435 435 376 436 360 436 436 360 436 360 436 436 360 435 376 435 435 376 437 375 437 437 375 440 377 440 440 377 439 374 439 439 374 441 372 441 441 372 438 378 438 438 378 439 374 439 439 374 440 377 440 440 377 438 378 438 438 378 435 376 435 435 376 439 374 439 439 374 444 379 444 444 379 441 372 441 441 372 445 373 445 445 373 440 377 440 440 377 441 372 441 441 372 444 379 444 444 379 445 373 445 445 373 421 380 421 421 380 444 379 444 444 379 394 381 394 394 381 445 373 445 445 373 403 369 403 403 369 421 380 421 421 380 445 373 445 445 373 394 381 394 394 381 403 369 403 403 369 314 382 314 314 382 394 381 394 394 381 317 370 317 317 370 314 382 314 314 382 403 369 403 403 369 322 371 322 322 371 318 383 318 318 383 317 370 317 317 370 319 384 319 319 384 314 382 314 314 382 317 370 317 317 370 317 370 317 317 370 318 383 318 318 383 319 384 319 319 384 322 371 322 322 371 402 385 402 402 385 399 386 399 399 386 321 368 321 321 368 402 385 402 402 385 322 371 322 322 371 322 371 322 322 371 375 387 375 375 387 318 383 318 318 383 399 386 399 399 386 375 387 375 375 387 322 371 322 322 371 402 385 402 402 385 321 368 321 321 368 397 365 397 397 365 397 365 397 397 365 408 388 408 408 388 402 385 402 402 385 398 366 398 398 366 408 388 408 408 388 397 365 397 397 365 400 389 400 400 389 402 385 402 402 385 408 388 408 408 388 399 386 399 399 386 402 385 402 402 385 400 389 400 400 389 399 386 399 399 386 377 390 377 377 390 375 387 375 375 387 400 389 400 400 389 377 390 377 377 390 399 386 399 399 386 375 387 375 375 387 377 390 377 377 390 376 391 376 376 391 319 384 319 319 384 375 387 375 375 387 376 391 376 376 391 318 383 318 318 383 375 387 375 375 387 319 384 319 319 384 319 384 319 319 384 315 392 315 315 392 314 382 314 314 382 376 391 376 376 391 315 392 315 315 392 319 384 319 319 384 314 382 314 314 382 311 393 311 311 393 394 381 394 394 381 316 394 316 316 394 311 393 311 311 393 314 382 314 314 382 314 382 314 314 382 315 392 315 315 392 316 394 316 316 394 394 381 394 394 381 395 395 395 395 395 421 380 421 421 380 394 381 394 394 381 311 393 311 311 393 395 395 395 395 395 444 379 444 444 379 421 380 421 421 380 422 396 422 422 396 421 380 421 421 380 413 397 413 413 397 422 396 422 422 396 421 380 421 421 380 395 395 395 395 395 413 397 413 413 397 444 379 444 444 379 422 396 422 422 396 452 398 452 452 398 444 379 444 444 379 451 399 451 451 399 440 377 440 440 377 452 398 452 452 398 451 399 451 451 399 444 379 444 444 379 440 377 440 440 377 451 399 451 451 399 438 378 438 438 378 438 378 438 438 378 451 399 451 451 399 450 400 450 450 400 438 378 438 438 378 450 400 450 450 400 435 376 435 435 376 435 376 435 435 376 450 400 450 450 400 434 401 434 434 401 437 375 437 437 375 435 376 435 435 376 433 402 433 433 402 434 401 434 434 401 433 402 433 433 402 435 376 435 435 376 432 403 432 432 403 433 402 433 433 402 434 401 434 434 401 452 398 452 452 398 422 396 422 422 396 423 404 423 423 404 422 396 422 422 396 419 405 419 419 405 423 404 423 423 404 422 396 422 422 396 413 397 413 413 397 419 405 419 419 405 414 406 414 414 406 413 397 413 413 397 412 407 412 412 407 419 405 419 419 405 413 397 413 413 397 414 406 414 414 406 395 395 395 395 395 412 407 412 412 407 413 397 413 413 397 395 395 395 395 395 311 393 311 311 393 410 408 410 410 408 410 408 410 410 408 412 407 412 412 407 395 395 395 395 395 410 408 410 410 408 311 393 311 311 393 299 409 299 299 409 316 394 316 316 394 312 410 312 312 410 311 393 311 311 393 313 411 313 313 411 299 409 299 299 409 311 393 311 311 393 311 393 311 311 393 312 410 312 312 410 313 411 313 313 411 316 394 316 316 394 356 412 356 356 412 312 410 312 312 410 366 413 366 366 413 356 412 356 356 412 316 394 316 316 394 316 394 316 316 394 315 392 315 315 392 366 413 366 366 413 374 414 374 374 414 315 392 315 315 392 376 391 376 376 391 366 413 366 366 413 315 392 315 315 392 374 414 374 374 414 378 415 378 378 415 374 414 374 374 414 376 391 376 376 391 376 391 376 376 391 377 390 377 377 390 378 415 378 378 415 401 416 401 401 416 374 414 374 374 414 378 415 378 378 415 365 417 365 365 417 374 414 374 374 414 401 416 401 401 416 366 413 366 366 413 374 414 374 374 414 365 417 365 365 417 366 413 366 366 413 360 418 360 360 418 356 412 356 356 412 365 417 365 365 417 360 418 360 360 418 366 413 366 366 413 359 419 359 359 419 356 412 356 356 412 360 418 360 360 418 355 420 355 355 420 356 412 356 356 412 359 419 359 359 419 355 420 355 355 420 312 410 312 312 410 356 412 356 356 412 313 411 313 313 411 312 410 312 312 410 355 420 355 355 420 313 411 313 313 411 300 421 300 300 421 299 409 299 299 409 313 411 313 313 411 304 422 304 304 422 300 421 300 300 421 355 420 355 355 420 304 422 304 304 422 313 411 313 313 411 299 409 299 299 409 302 423 302 302 423 410 408 410 410 408 301 424 301 301 424 302 423 302 302 423 299 409 299 299 409 299 409 299 299 409 300 421 300 300 421 301 424 301 301 424 411 425 411 411 425 412 407 412 412 407 410 408 410 410 408 410 408 410 410 408 302 423 302 302 423 411 425 411 411 425 418 426 418 418 426 412 407 412 412 407 411 425 411 411 425 418 426 418 418 426 414 406 414 414 406 412 407 412 412 407 420 427 420 420 427 414 406 414 414 406 416 428 416 416 428 419 405 419 419 405 414 406 414 414 406 420 427 420 420 427 415 429 415 415 429 414 406 414 414 406 418 426 418 418 426 414 406 414 414 406 415 429 415 415 429 416 428 416 416 428 423 404 423 423 404 419 405 419 419 405 420 427 420 420 427 416 428 416 416 428 415 429 415 415 429 417 430 417 417 430 301 424 301 301 424 369 431 369 369 431 302 423 302 302 423 301 424 301 301 424 362 432 362 362 432 369 431 369 369 431 303 433 303 303 433 362 432 362 362 432 301 424 301 301 424 301 424 301 301 424 300 421 300 300 421 303 433 303 303 433 303 433 303 303 433 300 421 300 300 421 304 422 304 304 422 355 420 355 355 420 305 434 305 305 434 304 422 304 304 422 304 422 304 304 422 305 434 305 305 434 303 433 303 303 433 359 419 359 359 419 305 434 305 305 434 355 420 355 355 420 303 433 303 303 433 305 434 305 305 434 306 435 306 306 435 303 433 303 303 433 361 436 361 361 436 362 432 362 362 432 306 435 306 306 435 361 436 361 361 436 303 433 303 303 433 291 346 291 291 346 370 344 370 370 344 371 437 371 371 437 295 438 295 295 438 464 439 464 464 439 293 440 293 293 440 293 440 293 293 440 470 441 470 470 441 294 442 294 294 442 293 440 293 293 440 294 442 294 294 442 295 438 295 295 438 464 439 464 464 439 295 438 295 295 438 463 443 463 463 443 463 443 463 463 443 462 444 462 462 444 464 439 464 464 439 461 445 461 461 445 462 444 462 462 444 463 443 463 463 443 294 442 294 294 442 470 441 470 470 441 471 446 471 471 446 484 447 484 484 447 470 441 470 470 441 296 448 296 296 448 471 446 471 471 446 470 441 470 470 441 484 447 484 484 447 298 449 298 298 449 484 447 484 484 447 296 448 296 296 448 296 448 296 296 448 297 450 297 297 450 298 449 298 298 449 489 451 489 489 451 298 449 298 298 449 297 450 297 297 450 297 450 297 297 450 488 452 488 488 452 489 451 489 489 451 489 451 489 489 451 488 452 488 488 452 490 453 490 490 453 388 454 388 388 454 390 455 390 390 455 511 456 511 511 456 388 454 388 388 454 389 457 389 389 457 390 455 390 390 455 511 456 511 511 456 390 455 390 390 455 506 458 506 506 458 507 459 507 507 459 390 455 390 390 455 393 460 393 393 460 506 458 506 506 458 390 455 390 390 455 507 459 507 507 459 391 461 391 391 461 393 460 393 393 460 390 455 390 390 455 390 455 390 390 455 389 457 389 389 457 391 461 391 391 461 510 462 510 510 462 511 456 511 511 456 506 458 506 506 458 506 458 506 506 458 508 463 508 508 463 510 462 510 510 462 506 458 506 506 458 507 459 507 507 459 508 463 508 508 463 430 464 430 430 464 507 459 507 507 459 393 460 393 393 460 503 465 503 503 465 507 459 507 507 459 430 464 430 430 464 508 463 508 508 463 507 459 507 507 459 503 465 503 503 465 393 460 393 393 460 392 466 392 392 466 430 464 430 430 464 392 466 392 392 466 393 460 393 393 460 391 461 391 391 461 430 464 430 430 464 392 466 392 392 466 428 467 428 428 467 504 468 504 504 468 430 464 430 430 464 431 469 431 431 469 503 465 503 503 465 430 464 430 430 464 504 468 504 504 468 430 464 430 430 464 429 470 429 429 470 431 469 431 431 469 428 467 428 428 467 429 470 429 429 470 430 464 430 430 464 503 465 503 503 465 505 471 505 505 471 508 463 508 508 463 503 465 503 503 465 504 468 504 504 468 505 471 505 505 471 508 463 508 508 463 514 472 514 514 472 519 473 519 519 473 505 471 505 505 471 514 472 514 514 472 508 463 508 508 463 508 463 508 508 463 519 473 519 519 473 510 462 510 510 462 510 462 510 510 462 519 473 519 519 473 520 474 520 520 474 519 473 519 519 473 514 472 514 514 472 517 475 517 517 475 519 473 519 519 473 518 476 518 518 476 520 474 520 520 474 517 475 517 517 475 518 476 518 518 476 519 473 519 519 473 514 472 514 514 472 513 477 513 513 477 523 478 523 523 478 517 475 517 517 475 514 472 514 514 472 523 478 523 523 478 505 471 505 505 471 513 477 513 513 477 514 472 514 514 472 498 479 498 498 479 513 477 513 513 477 505 471 505 505 471 505 471 505 505 471 504 468 504 504 468 502 480 502 502 480 502 480 502 502 480 498 479 498 498 479 505 471 505 505 471 426 481 426 426 481 504 468 504 504 468 431 469 431 431 469 502 480 502 502 480 504 468 504 504 468 426 481 426 426 481 431 469 431 431 469 424 482 424 424 482 426 481 426 426 481 429 470 429 429 470 424 482 424 424 482 431 469 431 431 469 499 483 499 499 483 426 481 426 426 481 427 484 427 427 484 502 480 502 502 480 426 481 426 426 481 499 483 499 499 483 426 481 426 426 481 425 485 425 425 485 427 484 427 427 484 424 482 424 424 482 425 485 425 425 485 426 481 426 426 481 502 480 502 502 480 499 483 499 499 483 498 479 498 498 479 498 479 498 498 479 512 486 512 512 486 513 477 513 513 477 509 487 509 509 487 512 486 512 512 486 498 479 498 498 479 500 488 500 500 488 509 487 509 509 487 498 479 498 498 479 498 479 498 498 479 499 483 499 499 483 500 488 500 500 488 523 478 523 523 478 513 477 513 513 477 522 489 522 522 489 512 486 512 512 486 522 489 522 522 489 513 477 513 513 477 522 489 522 522 489 526 490 526 526 490 523 478 523 523 478 523 478 523 523 478 515 491 515 515 491 517 475 517 517 475 526 490 526 526 490 515 491 515 515 491 523 478 523 523 478 517 475 517 517 475 516 492 516 516 492 518 476 518 518 476 515 491 515 515 491 516 492 516 516 492 517 475 517 517 475 515 491 515 515 491 531 493 531 531 493 516 492 516 516 492 530 494 530 530 494 531 493 531 531 493 515 491 515 515 491 526 490 526 526 490 530 494 530 530 494 515 491 515 515 491 529 495 529 529 495 530 494 530 530 494 526 490 526 526 490 527 496 527 527 496 526 490 526 526 490 525 497 525 525 497 529 495 529 529 495 526 490 526 526 490 527 496 527 527 496 525 497 525 525 497 526 490 526 526 490 522 489 522 522 489 521 498 521 521 498 525 497 525 525 497 522 489 522 522 489 521 498 521 521 498 522 489 522 522 489 512 486 512 512 486 525 497 525 525 497 524 499 524 524 499 527 496 527 527 496 524 499 524 524 499 525 497 525 525 497 521 498 521 521 498 528 500 528 528 500 535 501 535 535 501 527 496 527 527 496 527 496 527 527 496 534 502 534 534 502 529 495 529 529 495 535 501 535 535 501 534 502 534 534 502 527 496 527 527 496 527 496 527 527 496 524 499 524 524 499 528 500 528 528 500 529 495 529 529 495 532 503 532 532 503 530 494 530 530 494 534 502 534 534 502 532 503 532 532 503 529 495 529 529 495 530 494 530 530 494 533 504 533 533 504 531 493 531 531 493 532 503 532 532 503 533 504 533 533 504 530 494 530 530 494 532 503 532 532 503 534 502 534 534 502 537 505 537 537 505 532 503 532 532 503 538 506 538 538 506 533 504 533 533 504 537 505 537 537 505 538 506 538 538 506 532 503 532 532 503 535 501 535 535 501 541 507 541 541 507 534 502 534 534 502 537 505 537 537 505 534 502 534 534 502 541 507 541 541 507 539 508 539 539 508 541 507 541 541 507 535 501 535 535 501 543 509 543 543 509 535 501 535 535 501 536 510 536 536 510 539 508 539 539 508 535 501 535 535 501 543 509 543 543 509 536 510 536 536 510 535 501 535 535 501 528 500 528 528 500 545 511 545 545 511 541 507 541 541 507 542 512 542 542 512 537 505 537 537 505 541 507 541 541 507 545 511 545 545 511 541 507 541 541 507 540 513 540 540 513 542 512 542 542 512 539 508 539 539 508 540 513 540 540 513 541 507 541 541 507 537 505 537 537 505 546 514 546 546 514 538 506 538 538 506 545 511 545 545 511 546 514 546 546 514 537 505 537 537 505 545 511 545 545 511 560 515 560 560 515 546 514 546 546 514 547 516 547 547 516 560 515 560 560 515 545 511 545 545 511 548 517 548 548 517 545 511 545 545 511 542 512 542 542 512 547 516 547 547 516 545 511 545 545 511 548 517 548 548 517 555 518 555 555 518 542 512 542 542 512 540 513 540 540 513 548 517 548 548 517 542 512 542 542 512 555 518 555 555 518 544 519 544 544 519 555 518 555 555 518 540 513 540 540 513 539 508 539 539 508 544 519 544 544 519 540 513 540 540 513 543 509 543 543 509 544 519 544 544 519 539 508 539 539 508 556 520 556 556 520 555 518 555 555 518 544 519 544 544 519 555 518 555 555 518 556 520 556 556 520 549 521 549 549 521 555 518 555 555 518 551 522 551 551 522 548 517 548 548 517 549 521 549 549 521 551 522 551 551 522 555 518 555 555 518 548 517 548 548 517 554 523 554 554 523 547 516 547 547 516 551 522 551 551 522 554 523 554 554 523 548 517 548 548 517 547 516 547 547 516 559 524 559 559 524 560 515 560 560 515 554 523 554 554 523 559 524 559 559 524 547 516 547 547 516 554 523 554 554 523 558 525 558 558 525 559 524 559 559 524 553 526 553 553 526 558 525 558 558 525 554 523 554 554 523 552 527 552 552 527 554 523 554 554 523 551 522 551 551 522 553 526 553 553 526 554 523 554 554 523 552 527 552 552 527 551 522 551 551 522 550 528 550 550 528 552 527 552 552 527 549 521 549 549 521 550 528 550 550 528 551 522 551 551 522 561 529 561 561 529 549 521 549 549 521 557 530 557 557 530 550 528 550 550 528 549 521 549 549 521 561 529 561 561 529 549 521 549 549 521 556 520 556 556 520 557 530 557 557 530 561 529 561 561 529 456 531 456 456 531 550 528 550 550 528 456 531 456 456 531 552 527 552 552 527 550 528 550 550 528 478 532 478 478 532 553 526 553 553 526 552 527 552 552 527 478 532 478 478 532 552 527 552 552 527 456 531 456 456 531 481 533 481 481 533 553 526 553 553 526 478 532 478 478 532 553 526 553 553 526 497 534 497 497 534 558 525 558 558 525 481 533 481 481 533 497 534 497 497 534 553 526 553 553 526 481 533 481 481 533 478 532 478 478 532 479 535 479 479 535 478 532 478 478 532 477 536 477 477 536 479 535 479 479 535 476 537 476 476 537 477 536 477 477 536 478 532 478 478 532 478 532 478 478 532 456 531 456 456 531 476 537 476 476 537 456 531 456 456 531 562 538 562 562 538 476 537 476 476 537 455 539 455 455 539 562 538 562 562 538 456 531 456 456 531 453 540 453 453 540 456 531 456 456 531 561 529 561 561 529 455 539 455 455 539 456 531 456 456 531 453 540 453 453 540 476 537 476 476 537 562 538 562 562 538 475 541 475 475 541 476 537 476 476 537 473 542 473 473 542 477 536 477 477 536 475 541 475 475 541 473 542 473 473 542 476 537 476 476 537 482 543 482 482 543 477 536 477 477 536 473 542 473 473 542 479 535 479 479 535 477 536 477 477 536 482 543 482 482 543 479 535 479 479 535 565 544 565 565 544 480 545 480 480 545 482 543 482 482 543 565 544 565 565 544 479 535 479 479 535 479 535 479 479 535 480 545 480 480 545 481 533 481 481 533 481 533 481 481 533 480 545 480 480 545 495 546 495 495 546 497 534 497 497 534 481 533 481 481 533 495 546 495 495 546 495 546 495 495 546 496 547 496 496 547 497 534 497 497 534 495 546 495 495 546 480 545 480 480 545 494 548 494 494 548 495 546 495 495 546 492 549 492 492 549 496 547 496 496 547 494 548 494 494 548 492 549 492 492 549 495 546 495 495 546 494 548 494 494 548 480 545 480 480 545 565 544 565 565 544 565 544 565 565 544 564 550 564 564 550 494 548 494 494 548 482 543 482 482 543 564 550 564 564 550 565 544 565 565 544 483 551 483 483 551 564 550 564 564 550 482 543 482 482 543 482 543 482 482 543 473 542 473 473 542 483 551 483 483 551 483 551 483 483 551 473 542 473 473 542 472 552 472 472 552 474 553 474 474 553 473 542 473 473 542 475 541 475 475 541 472 552 472 472 552 473 542 473 473 542 474 553 474 474 553 475 541 475 475 541 566 554 566 566 554 474 553 474 474 553 563 555 563 563 555 566 554 566 566 554 475 541 475 475 541 475 541 475 475 541 562 538 562 562 538 563 555 563 563 555 455 539 455 455 539 563 555 563 563 555 562 538 562 562 538 457 556 457 457 556 563 555 563 563 555 455 539 455 455 539 455 539 455 455 539 454 557 454 454 557 457 556 457 457 556 453 540 453 453 540 454 557 454 454 557 455 539 455 455 539 457 556 457 457 556 566 554 566 566 554 563 555 563 563 555 459 558 459 459 558 566 554 566 566 554 457 556 457 457 556 457 556 457 457 556 458 559 458 458 559 459 558 459 459 558 457 556 457 457 556 454 557 454 454 557 458 559 458 458 559 459 558 459 459 558 458 559 458 458 559 460 560 460 460 560 494 548 494 494 548 564 550 564 564 550 493 561 493 493 561 493 561 493 493 561 492 549 492 492 549 494 548 494 494 548 491 562 491 491 562 492 549 492 492 549 493 561 493 493 561 500 488 500 500 488 501 563 501 501 563 509 487 509 509 487 499 483 499 499 483 406 564 406 406 564 500 488 500 500 488 406 564 406 406 564 501 563 501 501 563 500 488 500 500 488 407 565 407 407 565 501 563 501 501 563 406 564 406 406 564 427 484 427 427 484 406 564 406 406 564 499 483 499 499 483 427 484 427 427 484 404 566 404 404 566 406 564 406 406 564 406 564 406 406 564 405 567 405 405 567 407 565 407 407 565 404 566 404 404 566 405 567 405 405 567 406 564 406 406 564 425 485 425 425 485 404 566 404 404 566 427 484 427 427 484 469 568 469 469 568 465 569 465 465 569 467 570 467 467 570 465 569 465 465 569 466 571 466 466 571 467 570 467 467 570 467 570 467 467 570 468 572 468 468 572 469 568 469 469 568 467 570 467 467 570 487 573 487 487 573 485 574 485 485 574 467 570 467 467 570 486 575 486 486 575 487 573 487 487 573 485 574 485 485 574 468 572 468 468 572 467 570 467 467 570</p>
        </triangles>
      </mesh>
    </geometry>
  </library_geometries>
  <library_controllers>
    <controller id="geom-horn_VIS_O_OBJShape-skin1">
      <skin source="#geom-horn_VIS_O_OBJShape">
        <bind_shape_matrix>1 0 0 0 0 1 0 0 0 0 1 0 0 0 0 1</bind_shape_matrix>
        <source id="geom-horn_VIS_O_OBJShape-skin1-joints">
          <Name_array id="geom-horn_VIS_O_OBJShape-skin1-joints-array" count="2">joint0 joint1</Name_array>
          <technique_common>
            <accessor source="#geom-horn_VIS_O_OBJShape-skin1-joints-array" count="2" stride="1">
              <param name="JOINT" type="name"/>
            </accessor>
          </technique_common>
        </source>
        <source id="geom-horn_VIS_O_OBJShape-skin1-bind_poses">
          <float_array id="geom-horn_VIS_O_OBJShape-skin1-bind_poses-array" count="32">1 0 0 0 0 1 0 0 0 0 1 0 0 0 0 1 1 0 0 0 0 1 0 0 0 0 1 0 0 0 0 1</float_array>
          <technique_common>
            <accessor source="#geom-horn_VIS_O_OBJShape-skin1-bind_poses-array" count="2" stride="16">
              <param name="TRANSFORM" type="float4x4"/>
            </accessor>
          </technique_common>
        </source>
        <source id="geom-horn_VIS_O_OBJShape-skin1-weights">
          <float_array id="geom-horn_VIS_O_OBJShape-skin1-weights-array" count="1">1</float_array>
          <technique_common>
            <accessor source="#geom-horn_VIS_O_OBJShape-skin1-weights-array" count="1" stride="1">
              <param name="WEIGHT" type="float"/>
            </accessor>
          </technique_common>
        </source>
        <joints>
          <input semantic="JOINT" source="#geom-horn_VIS_O_OBJShape-skin1-joints"/>
          <input semantic="INV_BIND_MATRIX" source="#geom-horn_VIS_O_OBJShape-skin1-bind_poses"/>
        </joints>
        <vertex_weights count="576">
          <input semantic="JOINT" source="#geom-horn_VIS_O_OBJShape-skin1-joints" offset="0"/>
          <input semantic="WEIGHT" source="#geom-horn_VIS_O_OBJShape-skin1-weights" offset="1"/>
          <vcount>1 1 1 1 1 1 1 1 1 1 1 1 1 1 1 1 1 1 1 1 1 1 1 1 1 1 1 1 1 1 1 1 1 1 1 1 1 1 1 1 1 1 1 1 1 1 1 1 1 1 1 1 1 1 1 1 1 1 1 1 1 1 1 1 1 1 1 1 1 1 1 1 1 1 1 1 1 1 1 1 1 1 1 1 1 1 1 1 1 1 1 1 1 1 1 1 1 1 1 1 1 1 1 1 1 1 1 1 1 1 1 1 1 1 1 1 1 1 1 1 1 1 1 1 1 1 1 1 1 1 1 1 1 1 1 1 1 1 1 1 1 1 1 1 1 1 1 1 1 1 1 1 1 1 1 1 1 1 1 1 1 1 1 1 1 1 1 1 1 1 1 1 1 1 1 1 1 1 1 1 1 1 1 1 1 1 1 1 1 1 1 1 1 1 1 1 1 1 1 1 1 1 1 1 1 1 1 1 1 1 1 1 1 1 1 1 1 1 1 1 1 1 1 1 1 1 1 1 1 1 1 1 1 1 1 1 1 1 1 1 1 1 1 1 1 1 1 1 1 1 1 1 1 1 1 1 1 1 1 1 1 1 1 1 1 1 1 1 1 1 1 1 1 1 1 1 1 1 1 1 1 1 1 1 1 1 1 1 1 1 1 1 1 1 1 1 1 1 1 1 1 1 1 1 1 1 1 1 1 1 1 1 1 1 1 1 1 1 1 1 1 1 1 1 1 1 1 1 1 1 1 1 1 1 1 1 1 1 1 1 1 1 1 1 1 1 1 1 1 1 1 1 1 1 1 1 1 1 1 1 1 1 1 1 1 1 1 1 1 1 1 1 1 1 1 1 1 1 1 1 1 1 1 1 1 1 1 1 1 1 1 1 1 1 1 1 1 1 1 1 1 1 1 1 1 1 1 1 1 1 1 1 1 1 1 1 1 1 1 1 1 1 1 1 1 1 1 1 1 1 1 1 1 1 1 1 1 1 1 1 1 1 1 1 1 1 1 1 1 1 1 1 1 1 1 1 1 1 1 1 1 1 1 1 1 1 1 1 1 1 1 1 1 1 1 1 1 1 1 1 1 1 1 1 1 1 1 1 1 1 1 1 1 1 1 1 1 1 1 1 1 1 1 1 1 1 1 1 1 1 1 1 1 1 1 1 1 1 1 1 1 1 1 1 1 1 1 1 1 1 1 1 1 1 1 1 1 1 1 1 1 1 1 1 1 1 1 1 1 1 1 1 1 1 1 1 1 1 1 1 1 1 1 1 1 1 1 1 1 1 1 1 1 1 1 1</vcount>
          <v>1 0 1 0 1 0 1 0 1 0 1 0 1 0 1 0 1 0 1 0 1 0 1 0 1 0 1 0 1 0 1 0 1 0 1 0 1 0 1 0 1 0 1 0 1 0 1 0 1 0 1 0 1 0 1 0 1 0 1 0 1 0 1 0 1 0 1 0 1 0 1 0 1 0 1 0 1 0 1 0 1 0 1 0 1 0 1 0 1 0 1 0 1 0 1 0 1 0 1 0 1 0 1 0 1 0 1 0 1 0 1 0 1 0 1 0 1 0 1 0 1 0 1 0 1 0 1 0 1 0 1 0 1 0 1 0 1 0 1 0 1 0 1 0 1 0 1 0 1 0 1 0 1 0 1 0 1 0 1 0 1 0 1 0 1 0 1 0 1 0 1 0 1 0 1 0 1 0 1 0 1 0 1 0 1 0 1 0 1 0 1 0 1 0 1 0 1 0 1 0 1 0 1 0 1 0 1 0 1 0 1 0 1 0 1 0 1 0 1 0 1 0 1 0 1 0 1 0 1 0 1 0 1 0 1 0 1 0 1 0 1 0 1 0 1 0 1 0 1 0 1 0 1 0 1 0 1 0 1 0 1 0 1 0 1 0 1 0 1 0 1 0 1 0 1 0 1 0 1 0 1 0 1 0 1 0 1 0 1 0 1 0 1 0 1 0 1 0 1 0 1 0 1 0 1 0 1 0 1 0 1 0 1 0 1 0 1 0 1 0 1 0 1 0 1 0 1 0 1 0 1 0 1 0 1 0 1 0 1 0 1 0 1 0 1 0 1 0 1 0 1 0 1 0 1 0 1 0 1 0 1 0 1 0 1 0 1 0 1 0 1 0 1 0 1 0 1 0 1 0 1 0 1 0 1 0 1 0 1 0 1 0 1 0 1 0 1 0 1 0 1 0 1 0 1 0 1 0 1 0 1 0 1 0 1 0 1 0 1 0 1 0 1 0 1 0 1 0 1 0 1 0 1 0 1 0 1 0 1 0 1 0 1 0 1 0 1 0 1 0 1 0 1 0 1 0 1 0 1 0 1 0 1 0 1 0 1 0 1 0 1 0 1 0 1 0 1 0 1 0 1 0 1 0 1 0 1 0 1 0 1 0 1 0 1 0 1 0 1 0 1 0 1 0 1 0 1 0 1 0 1 0 1 0 1 0 1 0 1 0 1 0 1 0 1 0 1 0 1 0 1 0 1 0 1 0 1 0 1 0 1 0 1 0 1 0 1 0 1 0 1 0 1 0 1 0 1 0 1 0 1 0 1 0 1 0 1 0 1 0 1 0 1 0 1 0 1 0 1 0 1 0 1 0 1 0 1 0 1 0 1 0 1 0 1 0 1 0 1 0 1 0 1 0 1 0 1 0 1 0 1 0 1 0 1 0 1 0 1 0 1 0 1 0 1 0 1 0 1 0 1 0 1 0 1 0 1 0 1 0 1 0 1 0 1 0 1 0 1 0 1 0 1 0 1 0 1 0 1 0 1 0 1 0 1 0 1 0 1 0 1 0 1 0 1 0 1 0 1 0 1 0 1 0 1 0 1 0 1 0 1 0 1 0 1 0 1 0 1 0 1 0 1 0 1 0 1 0 1 0 1 0 1 0 1 0 1 0 1 0 1 0 1 0 1 0 1 0 1 0 1 0 1 0 1 0 1 0 1 0 1 0 1 0 1 0 1 0 1 0 1 0 1 0 1 0 1 0 1 0 1 0 1 0 1 0 1 0 1 0 1 0 1 0 1 0 1 0 1 0 1 0 1 0 1 0 1 0 1 0 1 0 1 0 1 0 1 0 1 0 1 0 1 0 1 0 1 0 1 0 1 0 1 0 1 0 1 0 1 0 1 0 1 0 1 0 1 0 1 0 1 0 1 0 1 0 1 0 1 0 1 0 1 0 1 0 1 0 1 0 1 0 1 0 1 0 1 0 1 0 1 0 1 0 1 0 1 0 1 0 1 0 1 0 1 0 1 0 1 0 1 0 1 0 1 0 1 0 1 0 1 0 1 0 1 0 1 0 1 0 1 0 1 0 1 0 1 0 1 0 1 0 1 0 1 0 1 0 1 0 1 0 1 0 1 0 1 0 1 0 1 0 1 0 1 0 1 0 1 0 1 0 1 0 1 0 1 0 1 0 1 0 1 0 1 0 1 0 1 0 1 0 1 0 1 0 1 0 1 0 1 0 1 0 1 0 1 0 1 0 1 0 1 0 1 0 1 0 1 0 1 0 1 0 1 0 1 0 1 0 1 0 1 0 1 0 1 0 1 0 1 0 1 0 1 0 1 0 1 0 1 0 1 0 1 0 1 0 1 0 1 0 1 0 1 0 1 0 1 0 1 0 1 0 1 0 1 0 1 0 1 0 1 0 1 0 1 0 1 0 1 0 1 0 1 0 1 0 1 0 1 0 1 0 1 0 1 0 1 0 1 0 1 0 1 0 1 0 1 0 1 0 1 0 1 0 1 0 1 0 1 0 1 0 1 0 1 0 1 0 1 0 1 0 1 0 1 0 1 0 1 0 1 0 1 0 1 0 1 0 1 0 1 0 1 0 1 0 1 0 1 0 1 0 1 0 1 0 1 0 1 0</v>
        </vertex_weights>
      </skin>
    </controller>
  </library_controllers>
  <library_lights>
    <light id="EnvironmentAmbientLight" name="EnvironmentAmbientLight">
      <technique_common>
        <ambient>
          <color>0 0 0</color>
        </ambient>
      </technique_common>
    </light>
  </library_lights>
  <library_images>
    <image id="def_horn_001_col_png">
      <init_from>./Textures/Kazoo/def_horn_001_col.png</init_from>
    </image>
  </library_images>
  <library_visual_scenes>
    <visual_scene id="MaxScene">
      <node name="EnvironmentAmbientLight">
        <instance_light url="#EnvironmentAmbientLight"/>
      </node>
      <node id="node-Have" name="Have" sid="joint0" type="JOINT">
        <matrix>1 0 0 0 0 1 0 0 0 0 1 0 0 0 0 1</matrix>
        <node id="node-Horn" name="Horn" sid="joint1" type="JOINT">
          <matrix>1 0 0 0 0 1 0 0 0 0 1 0 0 0 0 1</matrix>
          <extra>
            <technique profile="OpenCOLLADA">
              <cast_shadows sid="cast_shadows" type="bool">1</cast_shadows>
              <receive_shadows sid="receive_shadows" type="bool">1</receive_shadows>
              <primary_visibility sid="primary_visibility" type="bool">1</primary_visibility>
              <secondary_visibility sid="secondary_visibility" type="bool">1</secondary_visibility>
            </technique>
          </extra>
        </node>
        <extra>
          <technique profile="OpenCOLLADA">
            <cast_shadows sid="cast_shadows" type="bool">1</cast_shadows>
            <receive_shadows sid="receive_shadows" type="bool">1</receive_shadows>
            <primary_visibility sid="primary_visibility" type="bool">1</primary_visibility>
            <secondary_visibility sid="secondary_visibility" type="bool">1</secondary_visibility>
          </technique>
        </extra>
      </node>
      <node id="node-horn_VIS_O_OBJShape" name="horn_VIS_O_OBJShape">
        <instance_controller url="#geom-horn_VIS_O_OBJShape-skin1">
          <skeleton>#node-Have</skeleton>
          <bind_material>
            <technique_common>
              <instance_material symbol="def_horn_001" target="#def_horn_001-material">
                <bind_vertex_input semantic="CHANNEL1" input_semantic="TEXCOORD" input_set="0"/>
                <bind_vertex_input semantic="CHANNEL1" input_semantic="TEXCOORD" input_set="0"/>
              </instance_material>
            </technique_common>
          </bind_material>
        </instance_controller>
        <extra>
          <technique profile="OpenCOLLADA">
            <cast_shadows sid="cast_shadows" type="bool">1</cast_shadows>
            <receive_shadows sid="receive_shadows" type="bool">1</receive_shadows>
            <primary_visibility sid="primary_visibility" type="bool">1</primary_visibility>
            <secondary_visibility sid="secondary_visibility" type="bool">1</secondary_visibility>
          </technique>
        </extra>
      </node>
    </visual_scene>
  </library_visual_scenes>
  <scene>
    <instance_visual_scene url="#MaxScene"/>
  </scene>
</COLLADA>