<?xml version="1.0" encoding="utf-8"?>
<COLLADA xmlns="http://www.collada.org/2005/11/COLLADASchema" version="1.4.1" xmlns:xsi="http://www.w3.org/2001/XMLSchema-instance">
  <asset>
    <contributor>
      <author>Ziella</author>
      <authoring_tool>OpenCOLLADA for 3ds Max;  Version: 1.6;  Revision: 68</authoring_tool>
    </contributor>
    <created>2020-10-04T21:05:18</created>
    <modified>2020-10-04T21:05:18</modified>
    <unit name="centimeter" meter="0.01"/>
    <up_axis>Z_UP</up_axis>
  </asset>
  <library_effects>
    <effect id="def_pad_001">
      <profile_COMMON>
        <newparam sid="def_pad_001_col_png-surface">
          <surface type="2D">
            <init_from>def_pad_001_col_png</init_from>
          </surface>
        </newparam>
        <newparam sid="def_pad_001_col_png-sampler">
          <sampler2D>
            <source>def_pad_001_col_png-surface</source>
          </sampler2D>
        </newparam>
        <technique sid="common">
          <blinn>
            <emission>
              <color>0 0 0 1</color>
            </emission>
            <ambient>
              <color>0.588 0.588 0.588 1</color>
            </ambient>
            <diffuse>
              <texture texture="def_pad_001_col_png-sampler" texcoord="CHANNEL1"/>
            </diffuse>
            <specular>
              <color>0 0 0 1</color>
            </specular>
            <shininess>
              <float>10</float>
            </shininess>
            <reflective>
              <color>0 0 0 1</color>
            </reflective>
            <transparent opaque="A_ONE">
              <texture texture="def_pad_001_col_png-sampler" texcoord="CHANNEL1"/>
            </transparent>
            <transparency>
              <float>1</float>
            </transparency>
          </blinn>
        </technique>
      </profile_COMMON>
      <extra>
        <technique profile="OpenCOLLADA3dsMax">
          <extended_shader>
            <opacity_type sid="opacity_type" type="int">0</opacity_type>
            <falloff_type sid="falloff_type" type="int">0</falloff_type>
            <falloff sid="falloff" type="float">0</falloff>
            <index_of_refraction sid="index_of_refraction" type="float">1.5</index_of_refraction>
            <wire_size sid="wire_size" type="float">1</wire_size>
            <wire_units sid="wire_units" type="int">0</wire_units>
            <apply_reflection_dimming sid="apply_reflection_dimming" type="bool">0</apply_reflection_dimming>
            <dim_level sid="dim_level" type="float">0</dim_level>
            <reflection_level sid="reflection_level" type="float">3</reflection_level>
          </extended_shader>
          <shader>
            <ambient_diffuse_texture_lock sid="ambient_diffuse_texture_lock" type="bool">1</ambient_diffuse_texture_lock>
            <ambient_diffuse_lock sid="ambient_diffuse_lock" type="bool">1</ambient_diffuse_lock>
            <diffuse_specular_lock sid="diffuse_specular_lock" type="bool">0</diffuse_specular_lock>
            <use_self_illum_color sid="use_self_illum_color" type="bool">0</use_self_illum_color>
            <self_illumination sid="self_illumination" type="float">0</self_illumination>
            <specular_level sid="specular_level" type="float">0</specular_level>
            <soften sid="soften" type="float">0.1</soften>
          </shader>
        </technique>
      </extra>
    </effect>
    <effect id="def_pad_002">
      <profile_COMMON>
        <newparam sid="def_pad_001_col_png-surface">
          <surface type="2D">
            <init_from>def_pad_001_col_png</init_from>
          </surface>
        </newparam>
        <newparam sid="def_pad_001_col_png-sampler">
          <sampler2D>
            <source>def_pad_001_col_png-surface</source>
          </sampler2D>
        </newparam>
        <technique sid="common">
          <blinn>
            <emission>
              <color>0 0 0 1</color>
            </emission>
            <ambient>
              <color>0.588 0.588 0.588 1</color>
            </ambient>
            <diffuse>
              <texture texture="def_pad_001_col_png-sampler" texcoord="CHANNEL1"/>
            </diffuse>
            <specular>
              <color>0 0 0 1</color>
            </specular>
            <shininess>
              <float>10</float>
            </shininess>
            <reflective>
              <color>0 0 0 1</color>
            </reflective>
            <transparent opaque="A_ONE">
              <texture texture="def_pad_001_col_png-sampler" texcoord="CHANNEL1"/>
            </transparent>
            <transparency>
              <float>1</float>
            </transparency>
          </blinn>
        </technique>
      </profile_COMMON>
      <extra>
        <technique profile="OpenCOLLADA3dsMax">
          <extended_shader>
            <opacity_type sid="opacity_type" type="int">0</opacity_type>
            <falloff_type sid="falloff_type" type="int">0</falloff_type>
            <falloff sid="falloff" type="float">0</falloff>
            <index_of_refraction sid="index_of_refraction" type="float">1.5</index_of_refraction>
            <wire_size sid="wire_size" type="float">1</wire_size>
            <wire_units sid="wire_units" type="int">0</wire_units>
            <apply_reflection_dimming sid="apply_reflection_dimming" type="bool">0</apply_reflection_dimming>
            <dim_level sid="dim_level" type="float">0</dim_level>
            <reflection_level sid="reflection_level" type="float">3</reflection_level>
          </extended_shader>
          <shader>
            <ambient_diffuse_texture_lock sid="ambient_diffuse_texture_lock" type="bool">1</ambient_diffuse_texture_lock>
            <ambient_diffuse_lock sid="ambient_diffuse_lock" type="bool">1</ambient_diffuse_lock>
            <diffuse_specular_lock sid="diffuse_specular_lock" type="bool">0</diffuse_specular_lock>
            <use_self_illum_color sid="use_self_illum_color" type="bool">0</use_self_illum_color>
            <self_illumination sid="self_illumination" type="float">0</self_illumination>
            <specular_level sid="specular_level" type="float">0</specular_level>
            <soften sid="soften" type="float">0.1</soften>
          </shader>
        </technique>
      </extra>
    </effect>
  </library_effects>
  <library_materials>
    <material id="def_pad_001-material" name="def_pad_001">
      <instance_effect url="#def_pad_001"/>
    </material>
    <material id="def_pad_002-material" name="def_pad_002">
      <instance_effect url="#def_pad_002"/>
    </material>
  </library_materials>
  <library_geometries>
    <geometry id="geom-lpad_VIS_O_OBJShape" name="lpad_VIS_O_OBJShape">
      <mesh>
        <source id="geom-lpad_VIS_O_OBJShape-positions">
          <float_array id="geom-lpad_VIS_O_OBJShape-positions-array" count="525">0 0 0 6.88815 0 6.88815 0 0 9.74131 0 0 9.74131 6.88815 0 6.88815 0 0.954356 8.94988 6.32852 0.954356 6.32852 0 0.934267 8.90935 6.29986 0.934267 6.29986 -0.00132895 1.24683 7.62516 5.39274 1.24683 5.39086 -0.00286198 1.46367 7.58505 5.36546 1.46367 5.36141 -1.45197e-4 1.24285 7.95469 5.62492 1.24285 5.62472 0 1.46367 7.92063 5.60073 1.46367 5.60073 0 1.46367 8.53782 6.03715 1.46367 6.03715 0 1.14108 8.72938 6.1726 1.14108 6.1726 0 1.16763 8.76504 6.19782 1.16763 6.19782 0 1.46367 8.53782 6.03715 1.46367 6.03715 -6.88815 0 6.88815 -9.74131 0 0 -9.74131 0 0 -6.88815 0 6.88815 -8.94988 0.954356 0 -6.32852 0.954356 6.32852 -6.29985 0.934266 6.29986 -6.88815 0 -6.88815 -6.32852 0.954356 -6.32852 -8.90935 0.934267 0 -8.72938 1.14108 0 -6.1726 1.14108 6.17261 -6.1726 1.14108 -6.1726 -6.29985 0.934267 -6.29985 -6.19782 1.16763 -6.19782 -8.76504 1.16763 0 -5.39395 1.24683 5.39131 -5.36518 1.46367 5.36269 -5.36637 1.46367 -5.36143 -5.39492 1.24683 -5.39025 -7.58566 1.46367 -0.00222898 -7.6263 1.24683 -0.00213408 -5.62479 1.24285 -5.62479 -7.95485 1.24285 -3.08275e-4 -5.62483 1.24285 5.62485 -5.60073 1.46367 5.60074 -7.92063 1.46367 0 -6.03715 1.46367 -6.03715 -8.53782 1.46367 0 -5.60073 1.46367 -5.60073 -8.53782 1.46367 0 -6.03715 1.46367 -6.03715 -6.03715 1.46367 6.03715 -6.19782 1.16763 6.19782 -6.03715 1.46367 6.03715 -6.88815 0 -6.88815 -5.36518 1.46367 5.36269 -5.25418 1.46367 5.25173 -7.58566 1.46367 -0.00222898 -7.4287 1.46367 -0.00218678 -0.00286198 1.46367 7.58505 -0.0244322 1.46367 7.42752 -5.36637 1.46367 -5.36143 -5.26542 1.46367 -5.23959 5.26933 1.46367 5.23478 5.36546 1.46367 5.36141 7.38669 1.72724 -0.00169826 5.22155 1.72724 -5.22467 7.28502 1.76615 -0.00160432 5.14964 1.76615 -5.15281 7.4288 1.63329 -0.00173688 5.25134 1.63329 -5.25443 5.23944 1.72724 5.20517 5.26933 1.63329 5.23478 5.1673 1.76615 5.13369 0.0180912 1.72724 -7.3861 0.0176842 1.76615 -7.28453 0.0182598 1.63329 -7.42817 -0.0244322 1.63329 7.42752 -0.0242379 1.72724 7.38545 -0.0237663 1.76615 7.28389 -5.16345 1.76615 -5.13844 -5.23555 1.72724 -5.20997 -5.26542 1.63329 -5.23959 -7.38659 1.72724 -0.00220203 -7.4287 1.63329 -0.00218678 -7.28493 1.76615 -0.00223899 -5.22438 1.72724 5.22198 -5.15242 1.76615 5.15016 -5.25418 1.63329 5.25173 0 1.76615 0 -5.25418 1.46367 5.25173 -7.4287 1.46367 -0.00218678 -0.0244322 1.46367 7.42752 -5.26542 1.46367 -5.23959 0.0182598 1.46367 -7.42817 5.26933 1.46367 5.23478 5.25153 1.46367 -5.25431 7.4288 1.46367 -0.00173688 0 0 0 9.74131 0 0 6.88815 0 6.88815 6.32852 0.954356 6.32852 6.88815 0 6.88815 8.94988 0.954356 0 9.74131 0 0 6.29986 0.934267 6.29986 8.90935 0.934267 0 5.36546 1.46367 5.36141 5.39274 1.24683 5.39086 7.58505 1.46367 -0.00286174 7.62516 1.24683 -0.00132871 5.62492 1.24285 5.62472 7.95469 1.24285 -1.45435e-4 5.60073 1.46367 5.60073 7.92063 1.46367 0 6.03715 1.46367 6.03715 8.53782 1.46367 0 6.1726 1.14108 6.1726 8.72938 1.14108 0 6.19782 1.16763 6.19782 8.76504 1.16763 0 6.03715 1.46367 6.03715 8.53782 1.46367 0 6.88815 0 -6.88815 0 0 -9.74131 6.32852 0.954356 -6.32852 6.88815 0 -6.88815 0 0.954356 -8.94988 0 0 -9.74131 6.29986 0.934266 -6.29985 -6.32852 0.954356 -6.32852 -6.88815 0 -6.88815 0 0.934267 -8.90935 6.17261 1.14108 -6.1726 0 1.14108 -8.72938 -6.29985 0.934267 -6.29985 -6.1726 1.14108 -6.1726 0 1.16763 -8.76504 -6.19782 1.16763 -6.19782 5.36269 1.46367 -5.36518 5.39131 1.24683 -5.39395 -0.00213408 1.24683 -7.6263 -5.39492 1.24683 -5.39025 -0.00222874 1.46367 -7.58566 -5.36637 1.46367 -5.36143 -5.62479 1.24285 -5.62479 -3.08275e-4 1.24285 -7.95485 5.62485 1.24285 -5.62483 0 1.46367 -7.92063 5.60074 1.46367 -5.60073 0 1.46367 -8.53782 -5.60073 1.46367 -5.60073 -6.03715 1.46367 -6.03715 -6.03715 1.46367 -6.03715 0 1.46367 -8.53782 6.03715 1.46367 -6.03715 6.03715 1.46367 -6.03715 6.19782 1.16763 -6.19782 -6.88815 0 -6.88815 5.25153 1.46367 -5.25431 5.36269 1.46367 -5.36518 0.0182598 1.46367 -7.42817 -0.00222874 1.46367 -7.58566 7.58505 1.46367 -0.00286174 7.4288 1.46367 -0.00173688 -5.36637 1.46367 -5.36143 -5.26542 1.46367 -5.23959 5.26933 1.46367 5.23478 5.36546 1.46367 5.36141</float_array>
          <technique_common>
            <accessor source="#geom-lpad_VIS_O_OBJShape-positions-array" count="175" stride="3">
              <param name="X" type="float"/>
              <param name="Y" type="float"/>
              <param name="Z" type="float"/>
            </accessor>
          </technique_common>
        </source>
        <source id="geom-lpad_VIS_O_OBJShape-normals">
          <float_array id="geom-lpad_VIS_O_OBJShape-normals-array" count="525">3.05176e-5 -1 3.05176e-5 3.05176e-5 -1 3.05176e-5 3.05176e-5 -1 3.05176e-5 3.05176e-5 -1 3.05176e-5 3.05176e-5 -1 3.05176e-5 3.05176e-5 -1 3.05176e-5 3.05259e-5 0.638357 0.7697404 3.05293e-5 0.6555254 0.7551731 -0.5442089 0.6384929 0.5442089 0.5442089 0.6384929 0.5442089 -0.5339488 0.6555894 0.5339488 -3.12442e-5 0.8044907 0.5939652 0.5339488 0.6555894 0.5339488 -0.7551731 0.6555254 3.05293e-5 -0.7697404 0.638357 3.05259e-5 -0.4200468 0.8044385 0.4200468 -0.6028188 0.5227035 0.6028188 3.10106e-5 0.5227339 0.8524958 0.4200468 0.8044385 0.4200468 -0.5939652 0.8044907 3.05286e-5 -0.5339488 0.6555894 -0.5339488 -0.5442089 0.6384929 -0.5442089 -0.4200468 0.8044385 -0.4200468 -0.6028188 0.5227035 -0.6028188 -0.8524958 0.5227339 3.05335e-5 -0.8570617 0.5152137 3.05221e-5 -0.6060377 0.5152053 0.6060377 3.05221e-5 0.5152137 0.8570617 0.6028188 0.5227035 0.6028188 -0.3086855 0.8996813 0.3086855 3.05285e-5 0.8997357 0.4364353 0.6060377 0.5152053 0.6060377 -0.4364353 0.8997357 3.05285e-5 -0.3086855 0.8996813 -0.3086855 -0.6060377 0.5152053 -0.6060377 0.3086855 0.8996813 0.3086855 7.51775e-4 0.908052 0.4188567 0.5006159 0.7062348 -0.5006159 1.24749e-4 0.707351 -0.7068625 -0.2964621 0.9079456 0.2962179 -0.00126349 0.5794801 0.8149855 -0.4996097 0.7076583 -0.4996097 0.2951954 0.9082935 0.2964162 -5.31307e-5 0.9579338 -0.2869893 0.2029656 0.9579195 -0.2029656 0.2869893 0.9579338 -9.21886e-5 0.7090574 0.7051507 2.7111e-4 -0.2029656 0.9579195 -0.2029656 -0.3086855 0.8996813 0.3086855 3.05285e-5 0.8997357 0.4364353 0.3086855 0.8996813 0.3086855 -0.4364353 0.8997357 3.05285e-5 0.2029656 0.9579195 0.2029656 0.5012046 0.7053991 0.5012046 -0.4198479 0.9075945 7.64441e-5 -0.5818779 0.5686867 0.5813893 0.5773481 0.5793019 0.5753943 -0.8209947 0.5709357 -3.22835e-5 -0.2967519 0.9075966 -0.2969961 -0.5765348 0.5789778 -0.5765348 -0.3086855 0.8996813 -0.3086855 -0.5818779 0.5686867 0.5813893 0.001038883 0.7644039 0.6447369 -0.4640184 0.7556173 0.4623088 -0.00126349 0.5794801 0.8149855 -0.8209947 0.5709357 -3.22835e-5 0.5773481 0.5793019 0.5753943 0.4559672 0.7634458 0.4574325 -0.4551992 0.7643634 -0.4566644 -0.6534417 0.7569765 6.9965e-4 -0.5765348 0.5789778 -0.5765348 0.7322881 0.6809937 -0.001256597 0.01193649 0.9998568 0.01198992 0.5173693 0.6805433 0.5188349 0.01688206 0.9998575 -4.50171e-5 0.9890777 0.1473848 -0.001690438 0.6998866 0.1472546 -0.6989098 0.5183054 0.680978 -0.5173283 5.05324e-5 0.999857 0.01691258 3.05176e-5 1 3.05176e-5 0.001178329 0.6804881 0.7327582 0.698446 0.1470155 0.7003996 0.9999985 2.06571e-4 -0.001706 0.7080827 1.38774e-4 -0.7061294 -0.001405447 -6.70879e-5 -0.9999989 -0.001261219 0.1470265 -0.9891317 -0.00103235 0.6804882 -0.7327583 0.01195177 0.9998575 -0.01192887 -0.0119365 0.999857 -0.01198229 -0.01688206 0.9998575 3.95614e-5 -0.0119594 0.9998575 0.01192124 -4.8207e-5 0.999857 -0.01691258 -0.5187935 0.6809775 0.5168394 0.00145107 0.1470265 0.9891315 0.4559672 0.7634458 0.4574325 0.001038883 0.7644039 0.6447369 -0.4640184 0.7556173 0.4623088 -0.7006134 0.1473047 0.6981705 -0.7322885 0.6809941 7.84777e-4 -0.5173693 0.6805433 -0.5188349 -0.698446 0.1470155 -0.7003996 -0.4551992 0.7643634 -0.4566644 -0.9890964 0.1472655 0.001059882 -0.6534417 0.7569765 6.9965e-4 3.05176e-5 -1 3.05176e-5 3.05176e-5 -1 3.05176e-5 3.05176e-5 -1 3.05176e-5 3.05176e-5 -1 3.05176e-5 3.05176e-5 -1 3.05176e-5 3.05176e-5 -1 3.05176e-5 0.5939652 0.8044907 -3.13336e-5 0.5339488 0.6555894 0.5339488 0.7551731 0.6555254 3.05293e-5 0.4200468 0.8044385 0.4200468 0.5442089 0.6384929 0.5442089 0.6028188 0.5227035 -0.6028188 0.8524958 0.5227339 3.10404e-5 0.4200468 0.8044385 -0.4200468 0.5339488 0.6555894 -0.5339488 0.5442089 0.6384929 -0.5442089 0.7697404 0.638357 3.05259e-5 3.05293e-5 0.6555254 -0.7551731 3.05286e-5 0.8044907 -0.5939652 3.05221e-5 0.5152137 -0.8570617 3.05335e-5 0.5227339 -0.8524958 0.6060377 0.5152053 -0.6060377 0.8570617 0.5152137 3.05221e-5 0.6028188 0.5227035 0.6028188 0.3086855 0.8996813 -0.3086855 0.4364353 0.8997357 3.05285e-5 0.6060377 0.5152053 0.6060377 3.05285e-5 0.8997357 -0.4364353 -0.3086855 0.8996813 -0.3086855 -0.6060377 0.5152053 -0.6060377 -0.6028188 0.5227035 -0.6028188 -0.5339488 0.6555894 -0.5339488 -0.4200468 0.8044385 -0.4200468 -0.5442089 0.6384929 -0.5442089 3.05259e-5 0.638357 -0.7697404 0.3086855 0.8996813 0.3086855 0.5773481 0.5793019 0.5753943 0.2951954 0.9082935 0.2964162 0.823385 0.5674812 -0.001508974 -0.4996097 0.7076583 -0.4996097 0.4190581 0.9079592 6.40088e-4 0.2962179 0.9079456 -0.2964621 0.5812278 0.5690171 -0.5817162 -0.5006159 0.7062348 0.5006159 -0.707351 0.7068625 1.30235e-4 -0.2029656 0.9579195 -0.2029656 -0.2869893 0.9579338 -5.1789e-5 -0.2029656 0.9579195 0.2029656 -9.2129e-5 0.9579338 0.2869893 2.68488e-4 0.7061294 0.7080827 -1.04862e-4 0.9078664 -0.4192595 -3.75668e-4 0.5783697 -0.8157748 0.5012046 0.7053991 0.5012046 -0.2967519 0.9075966 -0.2969961 0.2029656 0.9579195 0.2029656 3.05285e-5 0.8997357 -0.4364353 0.3086855 0.8996813 -0.3086855 0.4364353 0.8997357 3.05285e-5 0.3086855 0.8996813 0.3086855 -0.3086855 0.8996813 -0.3086855 -0.5765348 0.5789778 -0.5765348 0.823385 0.5674812 -0.001508974 3.05176e-5 1 3.05176e-5 3.05176e-5 1 3.05176e-5 0.5812278 0.5690171 -0.5817162 3.05176e-5 1 3.05176e-5 0.4559672 0.7634458 0.4574325 0.5773481 0.5793019 0.5753943 -3.75668e-4 0.5783697 -0.8157748 -0.4551992 0.7643634 -0.4566644 -0.5765348 0.5789778 -0.5765348</float_array>
          <technique_common>
            <accessor source="#geom-lpad_VIS_O_OBJShape-normals-array" count="175" stride="3">
              <param name="X" type="float"/>
              <param name="Y" type="float"/>
              <param name="Z" type="float"/>
            </accessor>
          </technique_common>
        </source>
        <source id="geom-lpad_VIS_O_OBJShape-map-2">
          <float_array id="geom-lpad_VIS_O_OBJShape-map-2-array" count="525">1 1 1 1 1 1 1 1 1 1 1 1 1 1 1 1 1 1 1 1 1 1 1 1 1 1 1 1 1 1 1 1 1 1 1 1 1 1 1 1 1 1 1 1 1 1 1 1 1 1 1 1 1 1 1 1 1 1 1 1 1 1 1 1 1 1 1 1 1 1 1 1 1 1 1 1 1 1 1 1 1 1 1 1 1 1 1 1 1 1 1 1 1 1 1 1 1 1 1 1 1 1 1 1 1 1 1 1 1 1 1 1 1 1 1 1 1 1 1 1 1 1 1 1 1 1 1 1 1 1 1 1 1 1 1 1 1 1 1 1 1 1 1 1 1 1 1 1 1 1 1 1 1 1 1 1 1 1 1 1 1 1 1 1 1 1 1 1 1 1 1 1 1 1 1 1 1 1 1 1 1 1 1 1 1 1 1 1 1 1 1 1 1 1 1 1 1 1 1 1 1 1 1 1 1 1 1 1 1 1 1 1 1 1 1 1 1 1 1 1 1 1 1 1 1 1 1 1 1 1 1 1 1 1 1 1 1 1 1 1 1 1 1 1 1 1 1 1 1 1 1 1 1 1 1 1 1 1 1 1 1 1 1 1 1 1 1 1 1 1 1 1 1 1 1 1 1 1 1 1 1 1 1 1 1 1 1 1 1 1 1 1 1 1 1 1 1 1 1 1 1 1 1 1 1 1 1 1 1 1 1 1 1 1 1 1 1 1 1 1 1 1 1 1 1 1 1 1 1 1 1 1 1 1 1 1 1 1 1 1 1 1 1 1 1 1 1 1 1 1 1 1 1 1 1 1 1 1 1 1 1 1 1 1 1 1 1 1 1 1 1 1 1 1 1 1 1 1 1 1 1 1 1 1 1 1 1 1 1 1 1 1 1 1 1 1 1 1 1 1 1 1 1 1 1 1 1 1 1 1 1 1 1 1 1 1 1 1 1 1 1 1 1 1 1 1 1 1 1 1 1 1 1 1 1 1 1 1 1 1 1 1 1 1 1 1 1 1 1 1 1 1 1 1 1 1 1 1 1 1 1 1 1 1 1 1 1 1 1 1 1 1 1 1 1 1 1 1 1 1 1 1 1 1 1 1 1 1 1 1 1 1 1 1 1 1 1 1 1 1 1 1 1 1 1 1 1 1 1 1 1 1 1 1 1 1 1 1 1 1 1 1 1 1 1</float_array>
          <technique_common>
            <accessor source="#geom-lpad_VIS_O_OBJShape-map-2-array" count="175" stride="3">
              <param name="R" type="float"/>
              <param name="G" type="float"/>
              <param name="B" type="float"/>
            </accessor>
          </technique_common>
        </source>
        <source id="geom-lpad_VIS_O_OBJShape-map0">
          <float_array id="geom-lpad_VIS_O_OBJShape-map0-array" count="525">0.5019608 0.5019608 0.5019608 0.5019608 0.5019608 0.5019608 0.5019608 0.5019608 0.5019608 0.5019608 0.5019608 0.5019608 0.5019608 0.5019608 0.5019608 0.5019608 0.5019608 0.5019608 0.5019608 0.5019608 0.5019608 0.5019608 0.5019608 0.5019608 0.5019608 0.5019608 0.5019608 0.5019608 0.5019608 0.5019608 0.5019608 0.5019608 0.5019608 0.5019608 0.5019608 0.5019608 0.5019608 0.5019608 0.5019608 0.5019608 0.5019608 0.5019608 0.5019608 0.5019608 0.5019608 0.5019608 0.5019608 0.5019608 0.5019608 0.5019608 0.5019608 0.5019608 0.5019608 0.5019608 0.5019608 0.5019608 0.5019608 0.5019608 0.5019608 0.5019608 0.5019608 0.5019608 0.5019608 0.5019608 0.5019608 0.5019608 0.5019608 0.5019608 0.5019608 0.5019608 0.5019608 0.5019608 0.5019608 0.5019608 0.5019608 0.5019608 0.5019608 0.5019608 0.5019608 0.5019608 0.5019608 0.5019608 0.5019608 0.5019608 0.5019608 0.5019608 0.5019608 0.5019608 0.5019608 0.5019608 0.5019608 0.5019608 0.5019608 0.5019608 0.5019608 0.5019608 0.5019608 0.5019608 0.5019608 0.5019608 0.5019608 0.5019608 0.5019608 0.5019608 0.5019608 0.5019608 0.5019608 0.5019608 0.5019608 0.5019608 0.5019608 0.5019608 0.5019608 0.5019608 0.5019608 0.5019608 0.5019608 0.5019608 0.5019608 0.5019608 0.5019608 0.5019608 0.5019608 0.5019608 0.5019608 0.5019608 0.5019608 0.5019608 0.5019608 0.5019608 0.5019608 0.5019608 0.5019608 0.5019608 0.5019608 0.5019608 0.5019608 0.5019608 0.5019608 0.5019608 0.5019608 0.5019608 0.5019608 0.5019608 0.5019608 0.5019608 0.5019608 0.5019608 0.5019608 0.5019608 0.5019608 0.5019608 0.5019608 0.5019608 0.5019608 0.5019608 0.5019608 0.5019608 0.5019608 0.5019608 0.5019608 0.5019608 0.5019608 0.5019608 0.5019608 0.5019608 0.5019608 0.5019608 0.5019608 0.5019608 0.5019608 0.5019608 0.5019608 0.5019608 0.5019608 0.5019608 0.5019608 0.5019608 0.5019608 0.5019608 0.5019608 0.5019608 0.5019608 0.5019608 0.5019608 0.5019608 0.5019608 0.5019608 0.5019608 0.5019608 0.5019608 0.5019608 0.5019608 0.5019608 0.5019608 0.5019608 0.5019608 0.5019608 0.5019608 0.5019608 0.5019608 0.5019608 0.5019608 0.5019608 0.5019608 0.5019608 0.5019608 0.5019608 0.5019608 0.5019608 0.5019608 0.5019608 0.5019608 0.5019608 0.5019608 0.5019608 0.5019608 0.5019608 0.5019608 0.5019608 0.5019608 0.5019608 0.5019608 0.5019608 0.5019608 0.5019608 0.5019608 0.5019608 0.5019608 0.5019608 0.5019608 0.5019608 0.5019608 0.5019608 0.5019608 0.5019608 0.5019608 0.5019608 0.5019608 0.5019608 0.5019608 0.5019608 0.5019608 0.5019608 0.5019608 0.5019608 0.5019608 0.5019608 0.5019608 0.5019608 0.5019608 0.5019608 0.5019608 0.5019608 0.5019608 0.5019608 0.5019608 0.5019608 0.5019608 0.5019608 0.5019608 0.5019608 0.5019608 0.5019608 0.5019608 0.5019608 0.5019608 0.5019608 0.5019608 0.5019608 0.5019608 0.5019608 0.5019608 0.5019608 0.5019608 0.5019608 0.5019608 0.5019608 0.5019608 0.5019608 0.5019608 0.5019608 0.5019608 0.5019608 0.5019608 0.5019608 0.5019608 0.5019608 0.5019608 0.5019608 0.5019608 0.5019608 0.5019608 0.5019608 0.5019608 0.5019608 0.5019608 0.5019608 0.5019608 0.5019608 0.5019608 0.5019608 0.5019608 0.5019608 0.5019608 0.5019608 0.5019608 0.5019608 0.5019608 0.5019608 0.5019608 0.5019608 0.5019608 0.5019608 0.5019608 0.5019608 0.5019608 0.5019608 0.5019608 0.5019608 0.5019608 0.5019608 0.5019608 0.5019608 0.5019608 0.5019608 0.5019608 0.5019608 0.5019608 0.5019608 0.5019608 0.5019608 0.5019608 0.5019608 0.5019608 0.5019608 0.5019608 0.5019608 0.5019608 0.5019608 0.5019608 0.5019608 0.5019608 0.5019608 0.5019608 0.5019608 0.5019608 0.5019608 0.5019608 0.5019608 0.5019608 0.5019608 0.5019608 0.5019608 0.5019608 0.5019608 0.5019608 0.5019608 0.5019608 0.5019608 0.5019608 0.5019608 0.5019608 0.5019608 0.5019608 0.5019608 0.5019608 0.5019608 0.5019608 0.5019608 0.5019608 0.5019608 0.5019608 0.5019608 0.5019608 0.5019608 0.5019608 0.5019608 0.5019608 0.5019608 0.5019608 0.5019608 0.5019608 0.5019608 0.5019608 0.5019608 0.5019608 0.5019608 0.5019608 0.5019608 0.5019608 0.5019608 0.5019608 0.5019608 0.5019608 0.5019608 0.5019608 0.5019608 0.5019608 0.5019608 0.5019608 0.5019608 0.5019608 0.5019608 0.5019608 0.5019608 0.5019608 0.5019608 0.5019608 0.5019608 0.5019608 0.5019608 0.5019608 0.5019608 0.5019608 0.5019608 0.5019608 0.5019608 0.5019608 0.5019608 0.5019608 0.5019608 0.5019608 0.5019608 0.5019608 0.5019608 0.5019608 0.5019608 0.5019608 0.5019608 0.5019608 0.5019608 0.5019608 0.5019608 0.5019608 0.5019608 0.5019608 0.5019608 0.5019608 0.5019608 0.5019608 0.5019608 0.5019608 0.5019608 0.5019608 0.5019608 0.5019608 0.5019608 0.5019608 0.5019608 0.5019608 0.5019608 0.5019608 0.5019608 0.5019608 0.5019608 0.5019608 0.5019608 0.5019608 0.5019608 0.5019608 0.5019608 0.5019608 0.5019608 0.5019608 0.5019608 0.5019608 0.5019608 0.5019608 0.5019608 0.5019608 0.5019608 0.5019608 0.5019608 0.5019608 0.5019608 0.5019608 0.5019608 0.5019608 0.5019608 0.5019608 0.5019608 0.5019608 0.5019608 0.5019608 0.5019608 0.5019608 0.5019608 0.5019608 0.5019608 0.5019608 0.5019608 0.5019608 0.5019608 0.5019608 0.5019608 0.5019608 0.5019608 0.5019608 0.5019608 0.5019608 0.5019608 0.5019608 0.5019608 0.5019608 0.5019608 0.5019608 0.5019608 0.5019608 0.5019608 0.5019608 0.5019608 0.5019608 0.5019608 0.5019608 0.5019608 0.5019608 0.5019608 0.5019608 0.5019608 0.5019608 0.5019608 0.5019608 0.5019608 0.5019608</float_array>
          <technique_common>
            <accessor source="#geom-lpad_VIS_O_OBJShape-map0-array" count="175" stride="3">
              <param name="R" type="float"/>
              <param name="G" type="float"/>
              <param name="B" type="float"/>
            </accessor>
          </technique_common>
        </source>
        <source id="geom-lpad_VIS_O_OBJShape-map1">
          <float_array id="geom-lpad_VIS_O_OBJShape-map1-array" count="525">0.3410645 0.1166992 0 0.2587891 0.1972656 0 0.225708 0.1162109 0 0.2219238 0.7541504 0 0.2219238 0.990799 0 0.0869751 0.7541504 0 0.0869751 0.990799 0 0.08203125 0.7541504 0 0.08203125 0.990799 0 0.8037109 0.9598999 0 0.9853516 0.9598999 0 0.8037109 0.994339 0 0.9853516 0.994339 0 0.8037109 0.9085693 0 0.9853516 0.9085693 0 0.8037109 0.8736572 0 0.9853516 0.8736572 0 0.8037109 0.7773438 0 0.9853516 0.7773438 0 0.05218506 0.7541504 0 0.05218506 0.990799 0 0.04736328 0.7541504 0 0.04736328 0.990799 0 0.006752014 0.7541504 0 0.006752014 0.990799 0 0.2597656 0.03466797 0 0.3417969 9.76562e-4 0 0.2219238 0.2583008 0 0.2219238 0.5061035 0 0.0869751 0.2583008 0 0.0869751 0.5061035 0 0.08203125 0.5061035 0 0.2219238 0.01025391 0 0.0869751 0.01025391 0 0.08203125 0.2583008 0 0.05218506 0.2583008 0 0.05218506 0.5061035 0 0.05218506 0.01025391 0 0.08203125 0.01025391 0 0.04736328 0.01025391 0 0.04736328 0.2583008 0 0.6132813 0.9598999 0 0.6132813 0.994339 0 0.2325439 0.994339 0 0.2325439 0.9598999 0 0.4228516 0.994339 0 0.4228516 0.9598999 0 0.2325439 0.9085693 0 0.4228516 0.9085693 0 0.6132813 0.9085693 0 0.6132813 0.8736572 0 0.4228516 0.8736572 0 0.2325439 0.7773438 0 0.4228516 0.7773438 0 0.2325439 0.8736572 0 0.006752014 0.2583008 0 0.006752014 0.01025391 0 0.6132813 0.7773438 0 0.04736328 0.5061035 0 0.006752014 0.5061035 0 0.4230957 0.03564453 0 0.6118164 0.7663574 0 0.6118164 0.7524414 0 0.8032227 0.7663574 0 0.8032227 0.7524414 0 0.4216309 0.7663574 0 0.4216309 0.7524414 0 0.9936523 0.7663574 0 0.9936523 0.7524414 0 0.2288818 0.7524414 0 0.2288818 0.7663574 0 0.2670898 0.5224609 0 0.267334 0.2304687 0 0.2724609 0.5205078 0 0.2724609 0.2329102 0 0.262207 0.5246582 0 0.262207 0.2285156 0 0.4729004 0.7285156 0 0.470459 0.7333984 0 0.4750977 0.7233887 0 0.4731445 0.02441406 0 0.4753418 0.02978516 0 0.4707031 0.01953125 0 0.769043 0.7333984 0 0.7666016 0.7285156 0 0.7646484 0.7233887 0 0.7641602 0.02978516 0 0.7666016 0.02441406 0 0.769043 0.01953125 0 0.972168 0.2304687 0 0.9775391 0.2285156 0 0.9672852 0.2329102 0 0.9726563 0.5224609 0 0.9672852 0.5205078 0 0.9775391 0.5246582 0 0.6196289 0.3764648 0 0.9858398 0.5280762 0 0.9858398 0.2250977 0 0.7734375 0.7412109 0 0.7734375 0.01171875 0 0.4663086 0.01171875 0 0.4660645 0.7412109 0 0.2539062 0.2250977 0 0.2539062 0.5280762 0 -0.6586914 0.1166992 0 -0.7739258 0.1162109 0 -0.7407227 0.1972656 0 -0.9125977 0.990799 0 -0.777832 0.990799 0 -0.9125977 0.7541504 0 -0.777832 0.7541504 0 -0.9174805 0.990799 0 -0.9174805 0.7541504 0 -0.01425171 0.994339 0 -0.01425171 0.9598999 0 -0.1958008 0.994339 0 -0.1958008 0.9598999 0 -0.01425171 0.9085693 0 -0.1958008 0.9085693 0 -0.01425171 0.8736572 0 -0.1958008 0.8736572 0 -0.01425171 0.7773438 0 -0.1958008 0.7773438 0 -0.9477539 0.990799 0 -0.9477539 0.7541504 0 -0.9521484 0.990799 0 -0.9521484 0.7541504 0 -0.9931641 0.990799 0 -0.9931641 0.7541504 0 -0.7397461 0.03466797 0 -0.6577148 9.76562e-4 0 -0.9125977 0.5061035 0 -0.777832 0.5061035 0 -0.9125977 0.2583008 0 -0.777832 0.2583008 0 -0.9174805 0.5061035 0 -0.9125977 0.01025391 0 -0.777832 0.01025391 0 -0.9174805 0.2583008 0 -0.9477539 0.5061035 0 -0.9477539 0.2583008 0 -0.9174805 0.01025391 0 -0.9477539 0.01025391 0 -0.9521484 0.2583008 0 -0.9521484 0.01025391 0 -0.3862305 0.994339 0 -0.3862305 0.9598999 0 -0.5766602 0.9598999 0 -0.7670898 0.9598999 0 -0.5766602 0.994339 0 -0.7670898 0.994339 0 -0.7670898 0.9085693 0 -0.5766602 0.9085693 0 -0.3862305 0.9085693 0 -0.5766602 0.8736572 0 -0.3862305 0.8736572 0 -0.5766602 0.7773438 0 -0.7670898 0.8736572 0 -0.7670898 0.7773438 0 -0.9931641 0.01025391 0 -0.9931641 0.2583008 0 -0.3862305 0.7773438 0 -0.9931641 0.5061035 0 -0.9521484 0.5061035 0 -0.5766602 0.03564453 0 -0.3876953 0.7524414 0 -0.3876953 0.7663574 0 -0.1964111 0.7524414 0 -0.1964111 0.7663574 0 -0.578125 0.7663574 0 -0.578125 0.7524414 0 -0.006000519 0.7663574 0 -0.006000519 0.7524414 0 -0.7709961 0.7524414 0 -0.7709961 0.7663574 0</float_array>
          <technique_common>
            <accessor source="#geom-lpad_VIS_O_OBJShape-map1-array" count="175" stride="3">
              <param name="S" type="float"/>
              <param name="T" type="float"/>
              <param name="P" type="float"/>
            </accessor>
          </technique_common>
        </source>
        <source id="geom-lpad_VIS_O_OBJShape-map1-textangents">
          <float_array id="geom-lpad_VIS_O_OBJShape-map1-textangents-array" count="525">-0.005106937 -3.06729e-5 -0.9999835 -0.005966927 -3.06989e-5 -0.9999761 -0.009453911 -3.08047e-5 -0.9999553 -0.003353333 -3.06197e-5 -0.999994 -0.004246947 -3.06469e-5 -0.999991 -0.004267171 -3.06475e-5 -0.9999909 5.8777e-10 -0.7697404 0.638357 -7.95271e-6 -0.5358931 0.4651801 -0.4245345 -0.7236899 0.4245345 0.2649489 -0.7236899 0.58412 -0.1499924 -0.3901988 0.3290988 -0.06631632 -0.3546563 0.4803574 0.05646553 -0.3352214 0.3551237 -0.4062214 -0.4679762 0.09048415 -0.638357 -0.7697404 5.8777e-10 -0.443703 -0.3697543 0.2644196 -0.2008971 -0.4634425 0.2009534 0.09284783 -0.5179499 0.3175934 0.318097 -0.4464546 0.5369155 -0.5465286 -0.4035052 -0.09052051 -0.3551445 -0.3352553 -0.05648631 -0.58412 -0.7236899 -0.2649489 -0.4076399 -0.4257077 -0.4076399 -0.3511001 -0.5574701 -0.1322816 -0.2472119 -0.4031701 0.1134572 -0.3096635 -0.5151228 -0.08099681 -0.198884 -0.4680284 0.1989966 -0.06147971 -0.4316138 0.2594623 0.2924474 -0.3661931 0.02507836 -0.5177573 -0.3552906 0.5177573 0.1435258 -0.3668479 0.7562675 0.1406362 -0.569598 0.343591 -0.8043906 -0.3901861 1.3677e-5 -0.6699734 -0.3552906 -0.3655412 -0.02559943 -0.3747325 -0.2929685 0.5687921 -0.3903112 0.5687921 0.9238757 -6.33705e-4 -2.84368e-4 0.6725621 -0.02733259 0.6340032 0.9238725 -0.0383491 -0.03821255 0.6531514 9.93963e-5 0.6533852 0.9238571 6.52882e-4 9.68057e-4 0.7887917 0.1913418 -0.5177709 0.8768572 -0.1446831 -0.4299007 0.9238786 0.01507646 0.05015226 0.6036208 0.02104428 0.7029418 0.07025723 -0.02095959 0.9238815 -2.05505e-4 -1.48565e-4 0.9238902 0.901585 0.105222 -0.4049778 0.7262914 0.05010022 0.5802714 0.9238795 -2.53767e-5 -1.23095e-5 0.8723107 -0.1503001 -0.4342524 1.21913e-5 -2.54341e-5 0.9238795 -0.4049888 -0.1052187 0.9015809 -0.5186405 -0.1913354 0.7879273 -6.13908e-5 -1.0622e-4 0.9239372 0.6238669 -0.05959476 0.6826839 0.7430506 -0.1814404 -0.5629012 -0.04161694 -0.05979211 0.9239388 -0.4303463 0.145993 0.8761354 -0.5625289 0.1806909 0.7439854 -0.4342523 0.1503002 0.8723107 -0.6822309 -0.0595591 -0.6245464 -0.9237103 9.32951e-4 3.82288e-4 -0.6011617 0.06261354 -0.705723 -0.9238409 -6.34496e-4 -9.81105e-4 -1.54967e-5 -7.45336e-5 -0.9240368 -0.7430505 0.181441 0.5629005 -0.8116174 0.1879662 0.4953056 0.4950835 -0.1895847 -0.8108213 -6.12683e-4 3.25255e-4 -0.9241236 0.5625289 -0.1806909 -0.7439854 -0.5825399 0.6269929 0.3112991 -0.9079981 0.006265927 0.3814291 -0.7816526 0.2667826 0.4295122 -0.8983707 0.01518425 0.3495418 -0.1259529 0.8487781 0.3074528 -0.3417332 0.8531483 -0.1624594 -0.7037097 0.6135326 0.1025764 -0.9199594 -0.006263516 0.3730426 -0.9238792 1.6516e-5 0.3826834 -0.8922898 -0.2520219 0.2354792 -0.6044521 0.3164098 0.5363509 6.76428e-4 0.8151619 0.4952126 -0.1046972 0.9162902 -0.1048067 -0.6937017 0.5020831 9.41273e-4 -0.8213159 0.3459761 0.05247382 -0.8989248 0.2426625 0.226619 -0.9132615 0.0149075 0.334509 -0.9016117 -0.005982706 0.3989408 -0.8802043 -0.01487741 0.3950834 -0.899172 -0.01514527 0.3682154 -0.9222048 0.006179571 0.3679597 -0.6883942 -0.6187357 0.1242372 -0.7448473 -0.4722591 0.07129023 -0.7075192 0.1523178 0.4510373 -0.8541936 -0.16385 0.195638 -0.6818881 -0.4067184 -0.01965183 -0.2352386 -0.8949171 -0.04724613 -0.5789866 -0.6229673 0.3208683 -0.7803101 -0.2677481 0.4269071 -0.6346562 -0.2640978 0.5774512 -0.6919797 -0.1911174 0.3698677 -0.1198551 -0.8083848 0.4707448 -0.4871828 -0.4206857 0.1480113 -0.9999835 -3.06729e-5 -0.005106937 -0.9999553 -3.08047e-5 -0.009453911 -0.9999761 -3.06989e-5 -0.005966927 -0.999994 -3.06197e-5 -0.003353333 -0.999991 -3.06469e-5 -0.004246947 -0.9999909 -3.06475e-5 -0.004267171 0.4803574 -0.3546563 -0.06631629 0.3551237 -0.3352214 0.05646553 0.4651801 -0.5358931 -7.95271e-6 0.5369155 -0.4464546 0.318097 0.58412 -0.7236899 0.2649489 0.2009534 -0.4634425 -0.2008971 0.3175934 -0.5179499 0.09284784 0.2644196 -0.3697543 -0.443703 0.3290988 -0.3901988 -0.1499924 0.4245345 -0.7236899 -0.4245345 0.638357 -0.7697404 5.8777e-10 0.09048415 -0.4679762 -0.4062214 -0.09052051 -0.4035052 -0.5465286 -0.08099681 -0.5151228 -0.3096635 0.1134572 -0.4031701 -0.2472119 0.1989966 -0.4680284 -0.198884 0.2594623 -0.4316138 -0.06147971 0.02507836 -0.3661931 0.2924474 0.5177573 -0.3552906 -0.5177573 0.7562675 -0.3668479 0.1435258 0.343591 -0.569598 0.1406362 1.3677e-5 -0.3901861 -0.8043906 -0.3655412 -0.3552906 -0.6699734 -0.2929685 -0.3747325 -0.02559943 -0.1322816 -0.5574701 -0.3511001 -0.05648631 -0.3352553 -0.3551445 -0.4076399 -0.4257077 -0.4076399 -0.2649489 -0.7236899 -0.58412 5.8777e-10 -0.7697404 -0.638357 0.5687921 -0.3903112 0.5687921 -0.5618547 -0.1801263 0.7451121 -0.429981 -0.1462168 0.8762548 0.001205024 7.08318e-4 0.9239094 -0.5177291 0.1913741 0.7887957 -1.9477e-4 -5.61431e-4 0.9238992 0.6533852 9.93991e-5 0.6531514 0.6827177 -0.05961281 0.623833 0.6340032 -0.02733259 0.6725621 -0.03815275 -0.03834934 0.9238749 -0.4049727 0.1052235 0.901587 0.05015262 0.01507527 0.9238787 0.7029418 0.02104428 0.6036208 0.9238815 -0.02095965 0.07025721 0.9238902 -1.47099e-4 -2.03623e-4 0.923882 -4.86377e-6 -2.41607e-4 0.9238605 -0.06013176 -0.04305776 0.7879194 -0.1912687 -0.5187264 0.876151 0.1455477 -0.4306483 0.9015809 -0.1052187 -0.4049888 0.9238795 -2.54341e-5 1.21913e-5 0.5802714 0.05010022 0.7262914 -1.23095e-5 -2.53767e-5 0.9238795 -0.4342524 -0.1503001 0.8723107 0.8723107 0.1503002 -0.4342523 0.7440091 0.18049 -0.5627543 -0.001325659 -5.33577e-4 -0.92402 -0.5630925 3.98811e-5 -0.743733 -8.39793e-4 2.82278e-5 -0.9241283 -0.6827427 0.05942934 -0.6240374 -0.9237863 3.20914e-5 -0.127785 0.4951871 0.1898679 -0.8104866 0.5618547 0.1801263 -0.7451121 -0.9239064 0.06007941 0.04302067 -0.8119748 -0.1877891 0.4950487 -0.7440091 -0.18049 0.5627543</float_array>
          <technique_common>
            <accessor source="#geom-lpad_VIS_O_OBJShape-map1-textangents-array" count="175" stride="3">
              <param name="X" type="float"/>
              <param name="Y" type="float"/>
              <param name="Z" type="float"/>
            </accessor>
          </technique_common>
        </source>
        <source id="geom-lpad_VIS_O_OBJShape-map1-texbinormals">
          <float_array id="geom-lpad_VIS_O_OBJShape-map1-texbinormals-array" count="525">-0.999987 -3.03613e-5 0.005106955 -0.9999822 -3.03349e-5 0.005966964 -0.9999553 -3.02277e-5 0.009453912 -0.9999944 -3.04151e-5 0.003353335 -0.999991 -3.03877e-5 0.004246948 -0.9999909 -3.03871e-5 0.004267172 -1 1.9486e-5 2.34974e-5 -1 2.84759e-5 1.57085e-5 -0.7071068 0 -0.7071068 -0.7929492 0.1796203 0.5822098 -0.7971311 -0.1797514 -0.5764299 -0.9938888 0.06554041 -0.08882288 -0.8376789 0.3243833 0.4393968 -0.09473493 -0.1090897 -0.9895073 -2.34974e-5 1.9486e-5 -1 -0.5793609 0.1185527 -0.8064032 -0.7071339 -6.24411e-5 -0.7070797 -0.9885238 -0.1287665 0.07899309 -0.807283 0.1197852 0.5778804 0.1062386 0.07847488 -0.9912391 0.4394251 -0.3243566 -0.8376744 0.5822098 -0.1796203 -0.7929492 0.7071068 0 -0.7071068 0.6030001 -0.1963006 -0.7732121 -0.1219713 -0.1988589 -0.9724084 0.06878343 0.1144804 -0.9910414 -0.7071599 -1.24983e-4 -0.7070536 -0.9926304 0.1038754 -0.06240825 -0.498299 -0.3434299 0.7960867 -0.7071068 0 -0.7071068 -0.9857329 -0.07343234 0.1514538 -0.768071 0.1809042 0.6142806 -2.7088e-5 2.07909e-5 -1 0.5209268 -0.1116273 -0.846271 0.7936184 0.3401604 -0.504441 -0.7071068 0 0.7071068 -7.80435e-6 -0.4188568 0.9080523 -0.4694256 0.7073604 0.5284703 0.05849781 0.7056468 0.7061448 -0.6420975 -0.419088 0.6419315 -3.12604e-5 -0.8149861 0.5794805 0.2812861 0.6780267 0.679086 0.3520851 -0.3918223 0.8500067 -0.05659336 0.2865265 0.9563994 -0.7311662 0.2861372 0.6192911 -0.9549295 0.2860969 0.07910882 -0.7051507 0.7090574 -4.28312e-5 0.3688115 0.2668018 0.8903903 -0.5441514 -0.4332175 0.7184858 0 -0.4364353 0.8997356 0.3492007 -0.4090657 0.8430446 -0.8997356 -0.4364353 -1.42185e-7 -0.8903853 0.2668031 -0.3688226 -0.6770849 0.6803643 -0.2804648 -0.9075945 -0.4198479 -1.08572e-4 -0.4563178 -0.8200366 0.3454186 0.2334351 -0.7924065 0.5635601 -0.5691671 -0.8184561 -0.07860283 -0.8496006 -0.3929227 -0.3518389 -0.5630477 -0.7928508 -0.2331627 -0.8430446 -0.4090657 -0.3492006 0.3458439 0.8200403 -0.4559889 3.34829e-4 0.6447369 -0.7644045 0.6050583 0.6515379 -0.4576056 5.56648e-5 0.8149861 -0.5794805 0.5709357 0.8209948 -7.57971e-5 -0.2334344 0.7924063 -0.5635606 -0.3014362 0.6160676 -0.7277341 0.729122 0.6143697 0.3015475 0.7569766 0.653442 -2.71881e-4 0.5630477 0.7928508 0.2331627 -0.2336444 0.2495091 -0.9397636 -0.3871533 0.01567679 -0.9218821 -0.1653026 0.6743404 -0.7196805 -0.3625084 0.0060788 -0.9319607 -0.05128814 0.3333898 -0.941393 -0.6132592 -0.3777417 -0.6937034 -0.4123063 -0.330998 -0.8487896 -0.375825 0.01569172 -0.9265578 -0.3826836 3.98731e-5 -0.9238795 -0.3605479 0.6837629 -0.634408 0.1645016 0.9194878 -0.3570454 -0.001565287 0.5192028 -0.8546496 -0.6970621 -0.1596029 -0.6990217 -0.5863152 -0.8100825 8.78383e-4 -0.3919673 -0.9100539 -0.1347724 -0.3464785 -0.6876135 -0.6380755 -0.3440276 -0.00708968 -0.9389328 -0.4044961 -0.01578717 -0.9144035 -0.4093888 -0.006876212 -0.9123341 -0.3790468 0.006499128 -0.9253547 -0.3706349 -0.01572591 -0.9286455 -0.4330153 0.3119586 -0.8456829 -0.539779 0.8327732 -0.1229932 -0.3220881 0.6206828 -0.7148511 -0.2862449 0.6179864 -0.7322272 -0.2180521 0.4084054 -0.8863737 -0.6668423 0.2129875 -0.7141132 -0.2409238 -0.2579927 -0.9356257 -0.1632196 -0.6736276 -0.7208226 0.1114762 -0.9443778 -0.3093924 -0.2420071 -0.5997845 -0.7626868 -0.07441489 -0.4935651 -0.8665195 -0.170082 -0.1459184 -0.9745665 -0.005106955 3.03613e-5 0.999987 -0.009453912 3.02277e-5 0.9999553 -0.005966964 3.03349e-5 0.9999822 -0.003353335 3.04151e-5 0.9999944 -0.004246948 3.03877e-5 0.999991 -0.004267172 3.03871e-5 0.9999909 0.08882289 -0.0655403 0.9938888 -0.4393968 -0.3243833 0.8376789 -1.57085e-5 -2.84759e-5 1 -0.5778804 -0.1197852 0.807283 -0.5822098 -0.1796203 0.7929492 0.7070797 6.24411e-5 0.7071339 -0.07899312 0.1287665 0.9885238 0.8064032 -0.1185527 0.5793609 0.5764299 0.1797514 0.7971311 0.7071068 0 0.7071068 -2.34974e-5 -1.9486e-5 1 0.9895073 0.1090897 0.09473493 0.9912391 -0.07847488 -0.1062386 0.9910414 -0.1144804 -0.06878343 0.9724084 0.1988589 0.1219713 0.7070536 1.24983e-4 0.7071599 0.06240825 -0.1038754 0.9926304 -0.7960867 0.3434299 0.498299 0.7071068 0 0.7071068 -0.1514538 0.07343234 0.9857329 -0.6142806 -0.1809042 0.768071 1 -2.07909e-5 2.7088e-5 0.846271 0.1116273 -0.5209268 0.504441 -0.3401604 -0.7936184 0.7732121 0.1963006 -0.6030001 0.8376744 0.3243566 -0.4394251 0.7071068 0 -0.7071068 0.7929492 0.1796203 -0.5822098 1 -1.9486e-5 2.34974e-5 -0.7071068 0 0.7071068 -0.5632063 0.7927744 -0.2330395 -0.8503278 0.3912222 -0.351977 -0.5674817 0.823386 1.08895e-4 -0.6791148 -0.6780161 -0.2812424 -0.9079594 0.4190581 6.32421e-5 -0.6419315 0.419088 0.6420975 -0.345618 0.8198059 0.4565813 -0.5284703 -0.7073604 0.4694256 -0.7056593 -0.7061362 -0.05845239 -0.8903926 -0.2668012 -0.3688063 -0.9563994 -0.2865266 0.05659336 -0.6192911 -0.2861372 0.7311662 -0.07910882 -0.2860969 0.9549295 4.28907e-5 -0.7080828 0.7061294 2.39625e-4 0.4192595 0.9078664 0.07979714 0.8131907 0.5765009 0.2805548 -0.6803861 0.6770257 0.352186 0.3930967 0.8493762 0.3688226 -0.2668031 0.8903853 1.42185e-7 0.4364353 0.8997356 -0.7184858 0.4332175 0.5441514 -0.8997356 0.4364353 0 -0.8430446 0.4090657 -0.3492007 0.3492006 0.4090657 0.8430446 0.233394 0.792907 0.5628728 0.5674814 -0.8233862 -3.3868e-4 0.7972684 -5.90953e-6 -0.603625 0.9999996 -3.04898e-5 -9.08741e-4 0.3458049 -0.8198222 -0.4564105 0.1370227 2.60481e-5 -0.9905679 0.7285034 -0.6154055 0.3009299 0.5632063 -0.7927744 0.2330395 -0.07972442 -0.8131955 -0.5765043 -0.3018933 -0.6149948 -0.7284517 -0.233394 -0.792907 -0.5628728</float_array>
          <technique_common>
            <accessor source="#geom-lpad_VIS_O_OBJShape-map1-texbinormals-array" count="175" stride="3">
              <param name="X" type="float"/>
              <param name="Y" type="float"/>
              <param name="Z" type="float"/>
            </accessor>
          </technique_common>
        </source>
        <vertices id="geom-lpad_VIS_O_OBJShape-vertices">
          <input semantic="POSITION" source="#geom-lpad_VIS_O_OBJShape-positions"/>
        </vertices>
        <triangles material="def_pad_001" count="224">
          <input semantic="VERTEX" source="#geom-lpad_VIS_O_OBJShape-vertices" offset="0"/>
          <input semantic="NORMAL" source="#geom-lpad_VIS_O_OBJShape-normals" offset="1"/>
          <input semantic="COLOR" source="#geom-lpad_VIS_O_OBJShape-map0" offset="2" set="0"/>
          <input semantic="TEXCOORD" source="#geom-lpad_VIS_O_OBJShape-map1" offset="3" set="0"/>
          <input semantic="TEXTANGENT" source="#geom-lpad_VIS_O_OBJShape-map1-textangents" offset="4" set="1"/>
          <input semantic="TEXBINORMAL" source="#geom-lpad_VIS_O_OBJShape-map1-texbinormals" offset="4" set="1"/>
          <p>0 0 0 0 0 26 1 26 26 1 60 2 60 60 2 0 0 0 0 0 25 3 25 25 3 26 1 26 26 1 0 0 0 0 0 2 4 2 2 4 25 3 25 25 3 0 0 0 0 0 1 5 1 1 5 2 4 2 2 4 3 6 3 3 6 5 7 5 5 7 28 8 28 28 8 3 6 3 3 6 4 9 4 4 9 5 7 5 5 7 28 8 28 28 8 5 7 5 5 7 30 10 30 30 10 7 11 7 7 11 30 10 30 30 10 5 7 5 5 7 5 7 5 5 7 6 12 6 6 12 7 11 7 7 11 5 7 5 5 7 4 9 4 4 9 6 12 6 6 12 29 13 29 29 13 28 8 28 28 8 30 10 30 30 10 27 14 27 27 14 28 8 28 28 8 29 13 29 29 13 31 15 31 31 15 29 13 29 29 13 30 10 30 30 10 31 15 31 31 15 30 10 30 30 10 7 11 7 7 11 7 11 7 7 11 36 16 36 36 16 31 15 31 31 15 19 17 19 19 17 36 16 36 36 16 7 11 7 7 11 7 11 7 7 11 8 18 8 8 18 19 17 19 19 17 7 11 7 7 11 6 12 6 6 12 8 18 8 8 18 36 16 36 36 16 34 19 34 34 19 31 15 31 31 15 34 19 34 34 19 29 13 29 29 13 31 15 31 31 15 34 19 34 34 19 33 20 33 33 20 29 13 29 29 13 32 21 32 32 21 29 13 29 29 13 33 20 33 33 20 27 14 27 27 14 29 13 29 29 13 32 21 32 32 21 38 22 38 38 22 33 20 33 33 20 34 19 34 34 19 34 19 34 34 19 37 23 37 37 23 38 22 38 38 22 35 24 35 35 24 37 23 37 37 23 34 19 34 34 19 35 24 35 35 24 34 19 34 34 19 36 16 36 36 16 40 25 40 40 25 36 16 36 36 16 58 26 58 58 26 35 24 35 35 24 36 16 36 36 16 40 25 40 40 25 36 16 36 36 16 21 27 21 21 27 58 26 58 58 26 19 17 19 19 17 21 27 21 21 27 36 16 36 36 16 19 17 19 19 17 20 28 20 20 28 21 27 21 21 27 19 17 19 19 17 8 18 8 8 18 20 28 20 20 28 21 27 21 21 27 59 29 59 59 29 58 26 58 58 26 23 30 23 23 30 59 29 59 59 29 21 27 21 21 27 21 27 21 21 27 22 31 22 22 31 23 30 23 23 30 21 27 21 21 27 20 28 20 20 28 22 31 22 22 31 58 26 58 58 26 59 29 59 59 29 40 25 40 40 25 40 25 40 40 25 59 29 59 59 29 55 32 55 55 32 40 25 40 40 25 56 33 56 56 33 39 34 39 39 34 55 32 55 55 32 56 33 56 56 33 40 25 40 40 25 39 34 39 39 34 35 24 35 35 24 40 25 40 40 25 37 23 37 37 23 35 24 35 35 24 39 34 39 39 34 23 30 23 23 30 22 31 22 22 31 24 35 24 24 35 9 36 9 9 36 49 37 49 49 37 13 38 13 13 38 41 39 41 41 39 49 37 49 49 37 9 36 9 9 36 9 36 9 9 36 11 40 11 11 40 41 39 41 41 39 9 36 9 9 36 14 41 14 14 41 10 42 10 10 42 13 38 13 13 38 14 41 14 14 41 9 36 9 9 36 9 36 9 9 36 10 42 10 10 42 11 40 11 11 40 49 37 49 49 37 15 43 15 15 43 13 38 13 13 38 50 44 50 50 44 15 43 15 15 43 49 37 49 49 37 51 45 51 51 45 49 37 49 49 37 48 46 48 48 46 50 44 50 50 44 49 37 49 49 37 51 45 51 51 45 41 39 41 41 39 48 46 48 48 46 49 37 49 49 37 13 38 13 13 38 16 47 16 16 47 14 41 14 14 41 15 43 15 15 43 16 47 16 16 47 13 38 13 13 38 57 48 57 57 48 15 43 15 15 43 50 44 50 50 44 17 49 17 17 49 15 43 15 15 43 57 48 57 57 48 15 43 15 15 43 18 50 18 18 50 16 47 16 16 47 17 49 17 17 49 18 50 18 18 50 15 43 15 15 43 53 51 53 53 51 50 44 50 50 44 51 45 51 51 45 57 48 57 57 48 50 44 50 50 44 53 51 53 53 51 51 45 51 51 45 48 46 48 48 46 54 52 54 54 52 54 52 54 54 52 53 51 53 53 51 51 45 51 51 45 54 52 54 54 52 48 46 48 48 46 47 53 47 47 53 46 54 46 46 54 48 46 48 48 46 41 39 41 41 39 46 54 46 46 54 47 53 47 47 53 48 46 48 48 46 42 55 42 42 55 46 54 46 46 54 41 39 41 41 39 41 39 41 41 39 11 40 11 11 40 42 55 42 42 55 11 40 11 11 40 10 42 10 10 42 12 56 12 12 56 45 57 45 45 57 46 54 46 46 54 42 55 42 42 55 44 58 44 44 58 47 53 47 47 53 46 54 46 46 54 45 57 45 45 57 44 58 44 44 58 46 54 46 46 54 43 59 43 43 59 44 58 44 44 58 45 57 45 45 57 52 60 52 52 60 53 51 53 53 51 54 52 54 54 52 61 61 61 61 61 66 62 66 66 62 62 63 62 62 63 65 64 65 65 64 66 62 66 66 62 61 61 61 61 61 61 61 61 61 61 62 63 62 62 63 63 65 63 63 65 70 66 70 70 66 66 62 66 66 62 65 64 65 65 64 69 67 69 69 67 66 62 66 66 62 70 66 70 70 66 68 68 68 68 68 63 65 63 63 65 64 69 64 64 69 67 70 67 67 70 63 65 63 63 65 68 68 68 68 68 63 65 63 63 65 62 63 62 62 63 64 69 64 64 69 71 71 71 71 71 79 72 79 79 72 77 73 77 77 73 73 74 73 73 74 79 72 79 79 72 71 71 71 71 71 71 71 71 71 71 77 73 77 77 73 75 75 75 75 75 71 71 71 71 71 76 76 76 76 76 72 77 72 72 77 75 75 75 75 75 76 76 76 76 76 71 71 71 71 71 71 71 71 71 71 72 77 72 72 77 73 74 73 73 74 85 78 85 85 78 79 72 79 79 72 95 79 95 95 79 79 72 79 79 72 73 74 73 73 74 95 79 95 95 79 85 78 85 85 78 77 73 77 77 73 79 72 79 79 72 84 80 84 84 80 77 73 77 77 73 85 78 85 85 78 84 80 84 84 80 78 81 78 78 81 77 73 77 77 73 75 75 75 75 75 77 73 77 77 73 78 81 78 78 81 75 75 75 75 75 78 81 78 78 81 103 82 103 103 82 102 83 102 102 83 75 75 75 75 75 103 82 103 103 82 76 76 76 76 76 75 75 75 75 75 102 83 102 102 83 100 84 100 100 84 76 76 76 76 76 102 83 102 102 83 82 85 82 82 85 76 76 76 76 76 100 84 100 100 84 76 76 76 76 76 82 85 82 82 85 72 77 72 72 77 72 77 72 72 77 82 85 82 82 85 80 86 80 80 86 72 77 72 72 77 80 86 80 80 86 74 87 74 74 87 73 74 73 73 74 72 77 72 72 77 74 87 74 74 87 95 79 95 95 79 73 74 73 73 74 74 87 74 74 87 95 79 95 95 79 86 88 86 86 88 91 89 91 91 89 85 78 85 85 78 95 79 95 95 79 93 90 93 93 90 95 79 95 95 79 91 89 91 91 89 93 90 93 93 90 95 79 95 95 79 81 91 81 81 91 86 88 86 86 88 95 79 95 95 79 74 87 74 74 87 81 91 81 81 91 93 90 93 93 90 84 80 84 84 80 85 78 85 85 78 92 92 92 92 92 83 93 83 83 93 84 80 84 84 80 92 92 92 92 92 84 80 84 84 80 93 90 93 93 90 83 93 83 83 93 78 81 78 78 81 84 80 84 84 80 103 82 103 103 82 78 81 78 78 81 101 94 101 101 94 98 95 98 98 95 78 81 78 78 81 83 93 83 83 93 101 94 101 101 94 78 81 78 78 81 98 95 98 98 95 96 96 96 96 96 83 93 83 83 93 94 97 94 94 97 98 95 98 98 95 83 93 83 83 93 96 96 96 96 96 94 97 94 94 97 83 93 83 83 93 92 92 92 92 92 89 98 89 89 98 94 97 94 94 97 92 92 92 92 92 91 89 91 91 89 92 92 92 92 92 93 90 93 93 90 89 98 89 89 98 92 92 92 92 92 91 89 91 91 89 91 89 91 91 89 86 88 86 86 88 89 98 89 89 98 89 98 89 89 98 86 88 86 86 88 87 99 87 87 99 86 88 86 86 88 81 91 81 81 91 87 99 87 87 99 87 99 87 87 99 81 91 81 81 91 80 86 80 80 86 74 87 74 74 87 80 86 80 80 86 81 91 81 81 91 88 100 88 88 100 80 86 80 80 86 82 85 82 82 85 87 99 87 87 99 80 86 80 80 86 88 100 88 88 100 82 85 82 82 85 99 101 99 99 101 88 100 88 88 100 100 84 100 100 84 99 101 99 99 101 82 85 82 82 85 99 101 99 99 101 90 102 90 90 102 88 100 88 88 100 90 102 90 90 102 87 99 87 87 99 88 100 88 88 100 89 98 89 89 98 87 99 87 87 99 90 102 90 90 102 90 102 90 90 102 94 97 94 94 97 89 98 89 89 98 97 103 97 97 103 94 97 94 94 97 90 102 90 90 102 96 96 96 96 96 94 97 94 94 97 97 103 97 97 103 97 103 97 97 103 90 102 90 90 102 99 101 99 99 101 104 104 104 104 104 164 105 164 164 105 130 106 130 130 106 104 104 104 104 104 130 106 130 130 106 129 107 129 129 107 104 104 104 104 104 129 107 129 129 107 105 108 105 105 108 104 104 104 104 104 105 108 105 105 108 106 109 106 106 109 112 110 112 112 110 107 111 107 107 111 109 112 109 109 112 111 113 111 111 113 107 111 107 107 111 112 110 112 112 110 107 111 107 107 111 108 114 108 108 114 109 112 109 109 112 112 110 112 112 110 139 115 139 139 115 124 116 124 124 116 135 117 135 135 117 139 115 139 139 115 112 110 112 112 110 112 110 112 112 110 131 118 131 131 118 135 117 135 135 117 109 112 109 109 112 131 118 131 131 118 112 110 112 112 110 124 116 124 124 116 111 113 111 111 113 112 110 112 112 110 132 119 132 132 119 109 112 109 109 112 110 120 110 110 120 131 118 131 131 118 109 112 109 109 112 132 119 132 132 119 109 112 109 109 112 108 114 108 108 114 110 120 110 110 120 131 118 131 131 118 133 121 133 133 121 135 117 135 135 117 131 118 131 131 118 132 119 132 132 119 133 121 133 133 121 135 117 135 135 117 138 122 138 138 122 139 115 139 139 115 135 117 135 135 117 133 121 133 133 121 138 122 138 138 122 143 123 143 143 123 139 115 139 139 115 140 124 140 140 124 163 125 163 163 125 139 115 139 139 115 143 123 143 143 123 139 115 139 139 115 126 126 126 126 126 124 116 124 124 116 163 125 163 163 125 126 126 126 126 126 139 115 139 139 115 139 115 139 139 115 138 122 138 138 122 140 124 140 140 124 126 126 126 126 126 123 127 123 123 127 124 116 124 124 116 123 127 123 123 127 111 113 111 111 113 124 116 124 124 116 126 126 126 126 126 162 128 162 162 128 128 129 128 128 129 163 125 163 163 125 162 128 162 162 128 126 126 126 126 126 128 129 128 128 129 125 130 125 125 130 126 126 126 126 126 125 130 125 125 130 123 127 123 123 127 126 126 126 126 126 143 123 143 143 123 162 128 162 162 128 163 125 163 163 125 160 131 160 160 131 162 128 162 162 128 143 123 143 143 123 143 123 143 143 123 159 132 159 159 132 160 131 160 160 131 144 133 144 144 133 159 132 159 159 132 143 123 143 143 123 143 123 143 143 123 140 124 140 140 124 144 133 144 144 133 144 133 144 144 133 140 124 140 140 124 142 134 142 142 134 138 122 138 138 122 142 134 142 142 134 140 124 140 140 124 138 122 138 138 122 136 135 136 136 135 141 136 141 141 136 133 121 133 133 121 136 135 136 136 135 138 122 138 138 122 141 136 141 141 136 142 134 142 142 134 138 122 138 138 122 137 137 137 137 137 133 121 133 133 121 134 138 134 134 138 136 135 136 136 135 133 121 133 133 121 137 137 137 137 137 133 121 133 133 121 132 119 132 132 119 134 138 134 134 138 127 139 127 127 139 125 130 125 125 130 128 129 128 128 129 113 140 113 113 140 114 141 114 114 141 115 142 115 115 142 114 141 114 114 141 117 143 117 117 143 116 144 116 116 144 115 142 115 115 142 114 141 114 114 141 116 144 116 116 144 146 145 146 146 145 115 142 115 115 142 116 144 116 116 144 145 146 145 145 146 115 142 115 115 142 146 145 146 146 145 116 144 116 116 144 153 147 153 153 147 146 145 146 146 145 118 148 118 118 148 153 147 153 153 147 116 144 116 116 144 116 144 116 116 144 117 143 117 117 143 118 148 118 118 148 117 143 117 117 143 119 149 119 119 149 118 148 118 118 148 118 148 118 118 148 120 150 120 120 150 153 147 153 153 147 118 148 118 118 148 119 149 119 119 149 120 150 120 120 150 153 147 153 153 147 120 150 120 120 150 155 151 155 155 151 154 152 154 154 152 153 147 153 153 147 155 151 155 155 151 152 153 152 152 153 153 147 153 153 147 154 152 154 154 152 153 147 153 153 147 152 153 152 152 153 146 145 146 146 145 146 145 146 146 145 152 153 152 152 153 147 154 147 147 154 146 145 146 146 145 147 154 147 147 154 145 146 145 145 146 145 146 145 145 146 147 154 147 147 154 149 155 149 149 155 151 156 151 151 156 147 154 147 147 154 152 153 152 152 153 148 157 148 148 157 147 154 147 147 154 151 156 151 151 156 147 154 147 147 154 148 157 148 148 157 149 155 149 149 155 157 158 157 157 158 152 153 152 152 153 154 152 154 154 152 151 156 151 151 156 152 153 152 152 153 157 158 157 157 158 154 152 154 154 152 155 151 155 155 151 156 159 156 156 159 154 152 154 154 152 156 159 156 156 159 157 158 157 157 158 156 159 156 156 159 155 151 155 155 151 161 160 161 161 160 155 151 155 155 151 120 150 120 120 150 161 160 161 161 160 161 160 161 161 160 120 150 120 120 150 122 161 122 122 161 120 150 120 120 150 121 162 121 121 162 122 161 122 122 161 119 149 119 119 149 121 162 121 121 162 120 150 120 120 150 157 158 157 157 158 156 159 156 156 159 158 163 158 158 163 149 155 149 149 155 148 157 148 148 157 150 164 150 150 164 169 165 169 169 165 165 166 165 165 166 170 167 170 170 167 166 168 166 166 168 165 166 165 165 166 169 165 169 169 165 165 166 165 165 166 166 168 166 166 168 167 169 167 167 169 169 165 169 169 165 173 170 173 173 170 174 171 174 174 171 170 167 170 170 167 173 170 173 173 170 169 165 169 169 165 168 172 168 168 172 172 173 172 172 173 167 169 167 167 169 167 169 167 167 169 166 168 166 166 168 168 172 168 168 172 171 174 171 171 174 172 173 172 172 173 168 172 168 168 172</p>
        </triangles>
      </mesh>
    </geometry>
    <geometry id="geom-rpad_VIS_O_OBJShape" name="rpad_VIS_O_OBJShape">
      <mesh>
        <source id="geom-rpad_VIS_O_OBJShape-positions">
          <float_array id="geom-rpad_VIS_O_OBJShape-positions-array" count="525">0 0 0 -6.88815 0 -6.88815 0 0 -9.74131 0 0 -9.74131 -6.88815 0 -6.88815 0 0.954356 -8.94988 -6.32852 0.954356 -6.32852 0 0.934267 -8.90935 -6.29986 0.934267 -6.29986 0.00132895 1.24683 -7.62516 -5.39274 1.24683 -5.39086 0.00286198 1.46367 -7.58505 -5.36546 1.46367 -5.36141 1.45197e-4 1.24285 -7.95469 -5.62492 1.24285 -5.62472 0 1.46367 -7.92063 -5.60073 1.46367 -5.60073 0 1.46367 -8.53782 -6.03715 1.46367 -6.03715 0 1.14108 -8.72938 -6.1726 1.14108 -6.1726 0 1.16763 -8.76504 -6.19782 1.16763 -6.19782 0 1.46367 -8.53782 -6.03715 1.46367 -6.03715 6.88815 0 -6.88815 9.74131 0 0 9.74131 0 0 6.88815 0 -6.88815 8.94988 0.954356 0 6.32852 0.954356 -6.32852 6.29985 0.934266 -6.29986 6.88815 0 6.88815 6.32852 0.954356 6.32852 8.90935 0.934267 0 8.72938 1.14108 0 6.1726 1.14108 -6.17261 6.1726 1.14108 6.1726 6.29985 0.934267 6.29985 6.19782 1.16763 6.19782 8.76504 1.16763 0 5.39395 1.24683 -5.39131 5.36518 1.46367 -5.36269 5.36637 1.46367 5.36143 5.39492 1.24683 5.39025 7.58566 1.46367 0.00222898 7.6263 1.24683 0.00213408 5.62479 1.24285 5.62479 7.95485 1.24285 3.08275e-4 5.62483 1.24285 -5.62485 5.60073 1.46367 -5.60074 7.92063 1.46367 0 6.03715 1.46367 6.03715 8.53782 1.46367 0 5.60073 1.46367 5.60073 8.53782 1.46367 0 6.03715 1.46367 6.03715 6.03715 1.46367 -6.03715 6.19782 1.16763 -6.19782 6.03715 1.46367 -6.03715 6.88815 0 6.88815 5.36518 1.46367 -5.36269 5.25418 1.46367 -5.25173 7.58566 1.46367 0.00222898 7.4287 1.46367 0.00218678 0.00286198 1.46367 -7.58505 0.0244322 1.46367 -7.42752 5.36637 1.46367 5.36143 5.26542 1.46367 5.23959 -5.26933 1.46367 -5.23478 -5.36546 1.46367 -5.36141 -7.38669 1.72724 0.00169826 -5.22155 1.72724 5.22467 -7.28502 1.76615 0.00160432 -5.14964 1.76615 5.15281 -7.4288 1.63329 0.00173688 -5.25134 1.63329 5.25443 -5.23944 1.72724 -5.20517 -5.26933 1.63329 -5.23478 -5.1673 1.76615 -5.13369 -0.0180912 1.72724 7.3861 -0.0176842 1.76615 7.28453 -0.0182598 1.63329 7.42817 0.0244322 1.63329 -7.42752 0.0242379 1.72724 -7.38545 0.0237663 1.76615 -7.28389 5.16345 1.76615 5.13844 5.23555 1.72724 5.20997 5.26542 1.63329 5.23959 7.38659 1.72724 0.00220203 7.4287 1.63329 0.00218678 7.28493 1.76615 0.00223899 5.22438 1.72724 -5.22198 5.15242 1.76615 -5.15016 5.25418 1.63329 -5.25173 0 1.76615 0 5.25418 1.46367 -5.25173 7.4287 1.46367 0.00218678 0.0244322 1.46367 -7.42752 5.26542 1.46367 5.23959 -0.0182598 1.46367 7.42817 -5.26933 1.46367 -5.23478 -5.25153 1.46367 5.25431 -7.4288 1.46367 0.00173688 0 0 0 -9.74131 0 0 -6.88815 0 -6.88815 -6.32852 0.954356 -6.32852 -6.88815 0 -6.88815 -8.94988 0.954356 0 -9.74131 0 0 -6.29986 0.934267 -6.29986 -8.90935 0.934267 0 -5.36546 1.46367 -5.36141 -5.39274 1.24683 -5.39086 -7.58505 1.46367 0.00286174 -7.62516 1.24683 0.00132871 -5.62492 1.24285 -5.62472 -7.95469 1.24285 1.45435e-4 -5.60073 1.46367 -5.60073 -7.92063 1.46367 0 -6.03715 1.46367 -6.03715 -8.53782 1.46367 0 -6.1726 1.14108 -6.1726 -8.72938 1.14108 0 -6.19782 1.16763 -6.19782 -8.76504 1.16763 0 -6.03715 1.46367 -6.03715 -8.53782 1.46367 0 -6.88815 0 6.88815 0 0 9.74131 -6.32852 0.954356 6.32852 -6.88815 0 6.88815 0 0.954356 8.94988 0 0 9.74131 -6.29986 0.934266 6.29985 6.32852 0.954356 6.32852 6.88815 0 6.88815 0 0.934267 8.90935 -6.17261 1.14108 6.1726 0 1.14108 8.72938 6.29985 0.934267 6.29985 6.1726 1.14108 6.1726 0 1.16763 8.76504 6.19782 1.16763 6.19782 -5.36269 1.46367 5.36518 -5.39131 1.24683 5.39395 0.00213408 1.24683 7.6263 5.39492 1.24683 5.39025 0.00222874 1.46367 7.58566 5.36637 1.46367 5.36143 5.62479 1.24285 5.62479 3.08275e-4 1.24285 7.95485 -5.62485 1.24285 5.62483 0 1.46367 7.92063 -5.60074 1.46367 5.60073 0 1.46367 8.53782 5.60073 1.46367 5.60073 6.03715 1.46367 6.03715 6.03715 1.46367 6.03715 0 1.46367 8.53782 -6.03715 1.46367 6.03715 -6.03715 1.46367 6.03715 -6.19782 1.16763 6.19782 6.88815 0 6.88815 -5.25153 1.46367 5.25431 -5.36269 1.46367 5.36518 -0.0182598 1.46367 7.42817 0.00222874 1.46367 7.58566 -7.58505 1.46367 0.00286174 -7.4288 1.46367 0.00173688 5.36637 1.46367 5.36143 5.26542 1.46367 5.23959 -5.26933 1.46367 -5.23478 -5.36546 1.46367 -5.36141</float_array>
          <technique_common>
            <accessor source="#geom-rpad_VIS_O_OBJShape-positions-array" count="175" stride="3">
              <param name="X" type="float"/>
              <param name="Y" type="float"/>
              <param name="Z" type="float"/>
            </accessor>
          </technique_common>
        </source>
        <source id="geom-rpad_VIS_O_OBJShape-normals">
          <float_array id="geom-rpad_VIS_O_OBJShape-normals-array" count="525">3.05176e-5 -1 3.05176e-5 3.05176e-5 -1 3.05176e-5 3.05176e-5 -1 3.05176e-5 3.05176e-5 -1 3.05176e-5 3.05176e-5 -1 3.05176e-5 3.05176e-5 -1 3.05176e-5 3.05259e-5 0.638357 -0.7697404 3.05293e-5 0.6555254 -0.7551731 0.5442089 0.6384929 -0.5442089 -0.5442089 0.6384929 -0.5442089 0.5339488 0.6555894 -0.5339488 3.12442e-5 0.8044907 -0.5939652 -0.5339488 0.6555894 -0.5339488 0.7551731 0.6555254 3.05293e-5 0.7697404 0.638357 3.05259e-5 0.4200468 0.8044385 -0.4200468 0.6028188 0.5227035 -0.6028188 -3.10106e-5 0.5227339 -0.8524958 -0.4200468 0.8044385 -0.4200468 0.5939652 0.8044907 3.05286e-5 0.5339488 0.6555894 0.5339488 0.5442089 0.6384929 0.5442089 0.4200468 0.8044385 0.4200468 0.6028188 0.5227035 0.6028188 0.8524958 0.5227339 3.05335e-5 0.8570617 0.5152137 3.05221e-5 0.6060377 0.5152053 -0.6060377 3.05221e-5 0.5152137 -0.8570617 -0.6028188 0.5227035 -0.6028188 0.3086855 0.8996813 -0.3086855 3.05285e-5 0.8997357 -0.4364353 -0.6060377 0.5152053 -0.6060377 0.4364353 0.8997357 3.05285e-5 0.3086855 0.8996813 0.3086855 0.6060377 0.5152053 0.6060377 -0.3086855 0.8996813 -0.3086855 -7.51775e-4 0.908052 -0.4188567 -0.5006159 0.7062348 0.5006159 -1.24749e-4 0.707351 0.7068625 0.2964621 0.9079456 -0.2962179 0.00126349 0.5794801 -0.8149855 0.4996097 0.7076583 0.4996097 -0.2951954 0.9082935 -0.2964162 5.31307e-5 0.9579338 0.2869893 -0.2029656 0.9579195 0.2029656 -0.2869893 0.9579338 9.21886e-5 -0.7090574 0.7051507 -2.7111e-4 0.2029656 0.9579195 0.2029656 0.3086855 0.8996813 -0.3086855 3.05285e-5 0.8997357 -0.4364353 -0.3086855 0.8996813 -0.3086855 0.4364353 0.8997357 3.05285e-5 -0.2029656 0.9579195 -0.2029656 -0.5012046 0.7053991 -0.5012046 0.4198479 0.9075945 -7.64441e-5 0.5818779 0.5686867 -0.5813893 -0.5773481 0.5793019 -0.5753943 0.8209947 0.5709357 3.22835e-5 0.2967519 0.9075966 0.2969961 0.5765348 0.5789778 0.5765348 0.3086855 0.8996813 0.3086855 0.5818779 0.5686867 -0.5813893 -0.001038883 0.7644039 -0.6447369 0.4640184 0.7556173 -0.4623088 0.00126349 0.5794801 -0.8149855 0.8209947 0.5709357 3.22835e-5 -0.5773481 0.5793019 -0.5753943 -0.4559672 0.7634458 -0.4574325 0.4551992 0.7643634 0.4566644 0.6534417 0.7569765 -6.9965e-4 0.5765348 0.5789778 0.5765348 -0.7322881 0.6809937 0.001256597 -0.01193649 0.9998568 -0.01198992 -0.5173693 0.6805433 -0.5188349 -0.01688206 0.9998575 4.50171e-5 -0.9890777 0.1473848 0.001690438 -0.6998866 0.1472546 0.6989098 -0.5183054 0.680978 0.5173283 -5.05324e-5 0.999857 -0.01691258 3.05176e-5 1 3.05176e-5 -0.001178329 0.6804881 -0.7327582 -0.698446 0.1470155 -0.7003996 -0.9999985 2.06571e-4 0.001706 -0.7080827 1.38774e-4 0.7061294 0.001405447 -6.70879e-5 0.9999989 0.001261219 0.1470265 0.9891317 0.00103235 0.6804882 0.7327583 -0.01195177 0.9998575 0.01192887 0.0119365 0.999857 0.01198229 0.01688206 0.9998575 -3.95614e-5 0.0119594 0.9998575 -0.01192124 4.8207e-5 0.999857 0.01691258 0.5187935 0.6809775 -0.5168394 -0.00145107 0.1470265 -0.9891315 -0.4559672 0.7634458 -0.4574325 -0.001038883 0.7644039 -0.6447369 0.4640184 0.7556173 -0.4623088 0.7006134 0.1473047 -0.6981705 0.7322885 0.6809941 -7.84777e-4 0.5173693 0.6805433 0.5188349 0.698446 0.1470155 0.7003996 0.4551992 0.7643634 0.4566644 0.9890964 0.1472655 -0.001059882 0.6534417 0.7569765 -6.9965e-4 3.05176e-5 -1 3.05176e-5 3.05176e-5 -1 3.05176e-5 3.05176e-5 -1 3.05176e-5 3.05176e-5 -1 3.05176e-5 3.05176e-5 -1 3.05176e-5 3.05176e-5 -1 3.05176e-5 -0.5939652 0.8044907 3.13336e-5 -0.5339488 0.6555894 -0.5339488 -0.7551731 0.6555254 3.05293e-5 -0.4200468 0.8044385 -0.4200468 -0.5442089 0.6384929 -0.5442089 -0.6028188 0.5227035 0.6028188 -0.8524958 0.5227339 -3.10404e-5 -0.4200468 0.8044385 0.4200468 -0.5339488 0.6555894 0.5339488 -0.5442089 0.6384929 0.5442089 -0.7697404 0.638357 3.05259e-5 3.05293e-5 0.6555254 0.7551731 3.05286e-5 0.8044907 0.5939652 3.05221e-5 0.5152137 0.8570617 3.05335e-5 0.5227339 0.8524958 -0.6060377 0.5152053 0.6060377 -0.8570617 0.5152137 3.05221e-5 -0.6028188 0.5227035 -0.6028188 -0.3086855 0.8996813 0.3086855 -0.4364353 0.8997357 3.05285e-5 -0.6060377 0.5152053 -0.6060377 3.05285e-5 0.8997357 0.4364353 0.3086855 0.8996813 0.3086855 0.6060377 0.5152053 0.6060377 0.6028188 0.5227035 0.6028188 0.5339488 0.6555894 0.5339488 0.4200468 0.8044385 0.4200468 0.5442089 0.6384929 0.5442089 3.05259e-5 0.638357 0.7697404 -0.3086855 0.8996813 -0.3086855 -0.5773481 0.5793019 -0.5753943 -0.2951954 0.9082935 -0.2964162 -0.823385 0.5674812 0.001508974 0.4996097 0.7076583 0.4996097 -0.4190581 0.9079592 -6.40088e-4 -0.2962179 0.9079456 0.2964621 -0.5812278 0.5690171 0.5817162 0.5006159 0.7062348 -0.5006159 0.707351 0.7068625 -1.30235e-4 0.2029656 0.9579195 0.2029656 0.2869893 0.9579338 5.1789e-5 0.2029656 0.9579195 -0.2029656 9.2129e-5 0.9579338 -0.2869893 -2.68488e-4 0.7061294 -0.7080827 1.04862e-4 0.9078664 0.4192595 3.75668e-4 0.5783697 0.8157748 -0.5012046 0.7053991 -0.5012046 0.2967519 0.9075966 0.2969961 -0.2029656 0.9579195 -0.2029656 3.05285e-5 0.8997357 0.4364353 -0.3086855 0.8996813 0.3086855 -0.4364353 0.8997357 3.05285e-5 -0.3086855 0.8996813 -0.3086855 0.3086855 0.8996813 0.3086855 0.5765348 0.5789778 0.5765348 -0.823385 0.5674812 0.001508974 3.05176e-5 1 3.05176e-5 3.05176e-5 1 3.05176e-5 -0.5812278 0.5690171 0.5817162 3.05176e-5 1 3.05176e-5 -0.4559672 0.7634458 -0.4574325 -0.5773481 0.5793019 -0.5753943 3.75668e-4 0.5783697 0.8157748 0.4551992 0.7643634 0.4566644 0.5765348 0.5789778 0.5765348</float_array>
          <technique_common>
            <accessor source="#geom-rpad_VIS_O_OBJShape-normals-array" count="175" stride="3">
              <param name="X" type="float"/>
              <param name="Y" type="float"/>
              <param name="Z" type="float"/>
            </accessor>
          </technique_common>
        </source>
        <source id="geom-rpad_VIS_O_OBJShape-map-2">
          <float_array id="geom-rpad_VIS_O_OBJShape-map-2-array" count="525">1 1 1 1 1 1 1 1 1 1 1 1 1 1 1 1 1 1 1 1 1 1 1 1 1 1 1 1 1 1 1 1 1 1 1 1 1 1 1 1 1 1 1 1 1 1 1 1 1 1 1 1 1 1 1 1 1 1 1 1 1 1 1 1 1 1 1 1 1 1 1 1 1 1 1 1 1 1 1 1 1 1 1 1 1 1 1 1 1 1 1 1 1 1 1 1 1 1 1 1 1 1 1 1 1 1 1 1 1 1 1 1 1 1 1 1 1 1 1 1 1 1 1 1 1 1 1 1 1 1 1 1 1 1 1 1 1 1 1 1 1 1 1 1 1 1 1 1 1 1 1 1 1 1 1 1 1 1 1 1 1 1 1 1 1 1 1 1 1 1 1 1 1 1 1 1 1 1 1 1 1 1 1 1 1 1 1 1 1 1 1 1 1 1 1 1 1 1 1 1 1 1 1 1 1 1 1 1 1 1 1 1 1 1 1 1 1 1 1 1 1 1 1 1 1 1 1 1 1 1 1 1 1 1 1 1 1 1 1 1 1 1 1 1 1 1 1 1 1 1 1 1 1 1 1 1 1 1 1 1 1 1 1 1 1 1 1 1 1 1 1 1 1 1 1 1 1 1 1 1 1 1 1 1 1 1 1 1 1 1 1 1 1 1 1 1 1 1 1 1 1 1 1 1 1 1 1 1 1 1 1 1 1 1 1 1 1 1 1 1 1 1 1 1 1 1 1 1 1 1 1 1 1 1 1 1 1 1 1 1 1 1 1 1 1 1 1 1 1 1 1 1 1 1 1 1 1 1 1 1 1 1 1 1 1 1 1 1 1 1 1 1 1 1 1 1 1 1 1 1 1 1 1 1 1 1 1 1 1 1 1 1 1 1 1 1 1 1 1 1 1 1 1 1 1 1 1 1 1 1 1 1 1 1 1 1 1 1 1 1 1 1 1 1 1 1 1 1 1 1 1 1 1 1 1 1 1 1 1 1 1 1 1 1 1 1 1 1 1 1 1 1 1 1 1 1 1 1 1 1 1 1 1 1 1 1 1 1 1 1 1 1 1 1 1 1 1 1 1 1 1 1 1 1 1 1 1 1 1 1 1 1 1 1 1 1 1 1 1 1 1 1 1 1 1 1 1 1 1 1 1 1 1 1 1 1 1 1 1 1 1 1 1 1 1</float_array>
          <technique_common>
            <accessor source="#geom-rpad_VIS_O_OBJShape-map-2-array" count="175" stride="3">
              <param name="R" type="float"/>
              <param name="G" type="float"/>
              <param name="B" type="float"/>
            </accessor>
          </technique_common>
        </source>
        <source id="geom-rpad_VIS_O_OBJShape-map0">
          <float_array id="geom-rpad_VIS_O_OBJShape-map0-array" count="525">0.5019608 0.5019608 0.5019608 0.5019608 0.5019608 0.5019608 0.5019608 0.5019608 0.5019608 0.5019608 0.5019608 0.5019608 0.5019608 0.5019608 0.5019608 0.5019608 0.5019608 0.5019608 0.5019608 0.5019608 0.5019608 0.5019608 0.5019608 0.5019608 0.5019608 0.5019608 0.5019608 0.5019608 0.5019608 0.5019608 0.5019608 0.5019608 0.5019608 0.5019608 0.5019608 0.5019608 0.5019608 0.5019608 0.5019608 0.5019608 0.5019608 0.5019608 0.5019608 0.5019608 0.5019608 0.5019608 0.5019608 0.5019608 0.5019608 0.5019608 0.5019608 0.5019608 0.5019608 0.5019608 0.5019608 0.5019608 0.5019608 0.5019608 0.5019608 0.5019608 0.5019608 0.5019608 0.5019608 0.5019608 0.5019608 0.5019608 0.5019608 0.5019608 0.5019608 0.5019608 0.5019608 0.5019608 0.5019608 0.5019608 0.5019608 0.5019608 0.5019608 0.5019608 0.5019608 0.5019608 0.5019608 0.5019608 0.5019608 0.5019608 0.5019608 0.5019608 0.5019608 0.5019608 0.5019608 0.5019608 0.5019608 0.5019608 0.5019608 0.5019608 0.5019608 0.5019608 0.5019608 0.5019608 0.5019608 0.5019608 0.5019608 0.5019608 0.5019608 0.5019608 0.5019608 0.5019608 0.5019608 0.5019608 0.5019608 0.5019608 0.5019608 0.5019608 0.5019608 0.5019608 0.5019608 0.5019608 0.5019608 0.5019608 0.5019608 0.5019608 0.5019608 0.5019608 0.5019608 0.5019608 0.5019608 0.5019608 0.5019608 0.5019608 0.5019608 0.5019608 0.5019608 0.5019608 0.5019608 0.5019608 0.5019608 0.5019608 0.5019608 0.5019608 0.5019608 0.5019608 0.5019608 0.5019608 0.5019608 0.5019608 0.5019608 0.5019608 0.5019608 0.5019608 0.5019608 0.5019608 0.5019608 0.5019608 0.5019608 0.5019608 0.5019608 0.5019608 0.5019608 0.5019608 0.5019608 0.5019608 0.5019608 0.5019608 0.5019608 0.5019608 0.5019608 0.5019608 0.5019608 0.5019608 0.5019608 0.5019608 0.5019608 0.5019608 0.5019608 0.5019608 0.5019608 0.5019608 0.5019608 0.5019608 0.5019608 0.5019608 0.5019608 0.5019608 0.5019608 0.5019608 0.5019608 0.5019608 0.5019608 0.5019608 0.5019608 0.5019608 0.5019608 0.5019608 0.5019608 0.5019608 0.5019608 0.5019608 0.5019608 0.5019608 0.5019608 0.5019608 0.5019608 0.5019608 0.5019608 0.5019608 0.5019608 0.5019608 0.5019608 0.5019608 0.5019608 0.5019608 0.5019608 0.5019608 0.5019608 0.5019608 0.5019608 0.5019608 0.5019608 0.5019608 0.5019608 0.5019608 0.5019608 0.5019608 0.5019608 0.5019608 0.5019608 0.5019608 0.5019608 0.5019608 0.5019608 0.5019608 0.5019608 0.5019608 0.5019608 0.5019608 0.5019608 0.5019608 0.5019608 0.5019608 0.5019608 0.5019608 0.5019608 0.5019608 0.5019608 0.5019608 0.5019608 0.5019608 0.5019608 0.5019608 0.5019608 0.5019608 0.5019608 0.5019608 0.5019608 0.5019608 0.5019608 0.5019608 0.5019608 0.5019608 0.5019608 0.5019608 0.5019608 0.5019608 0.5019608 0.5019608 0.5019608 0.5019608 0.5019608 0.5019608 0.5019608 0.5019608 0.5019608 0.5019608 0.5019608 0.5019608 0.5019608 0.5019608 0.5019608 0.5019608 0.5019608 0.5019608 0.5019608 0.5019608 0.5019608 0.5019608 0.5019608 0.5019608 0.5019608 0.5019608 0.5019608 0.5019608 0.5019608 0.5019608 0.5019608 0.5019608 0.5019608 0.5019608 0.5019608 0.5019608 0.5019608 0.5019608 0.5019608 0.5019608 0.5019608 0.5019608 0.5019608 0.5019608 0.5019608 0.5019608 0.5019608 0.5019608 0.5019608 0.5019608 0.5019608 0.5019608 0.5019608 0.5019608 0.5019608 0.5019608 0.5019608 0.5019608 0.5019608 0.5019608 0.5019608 0.5019608 0.5019608 0.5019608 0.5019608 0.5019608 0.5019608 0.5019608 0.5019608 0.5019608 0.5019608 0.5019608 0.5019608 0.5019608 0.5019608 0.5019608 0.5019608 0.5019608 0.5019608 0.5019608 0.5019608 0.5019608 0.5019608 0.5019608 0.5019608 0.5019608 0.5019608 0.5019608 0.5019608 0.5019608 0.5019608 0.5019608 0.5019608 0.5019608 0.5019608 0.5019608 0.5019608 0.5019608 0.5019608 0.5019608 0.5019608 0.5019608 0.5019608 0.5019608 0.5019608 0.5019608 0.5019608 0.5019608 0.5019608 0.5019608 0.5019608 0.5019608 0.5019608 0.5019608 0.5019608 0.5019608 0.5019608 0.5019608 0.5019608 0.5019608 0.5019608 0.5019608 0.5019608 0.5019608 0.5019608 0.5019608 0.5019608 0.5019608 0.5019608 0.5019608 0.5019608 0.5019608 0.5019608 0.5019608 0.5019608 0.5019608 0.5019608 0.5019608 0.5019608 0.5019608 0.5019608 0.5019608 0.5019608 0.5019608 0.5019608 0.5019608 0.5019608 0.5019608 0.5019608 0.5019608 0.5019608 0.5019608 0.5019608 0.5019608 0.5019608 0.5019608 0.5019608 0.5019608 0.5019608 0.5019608 0.5019608 0.5019608 0.5019608 0.5019608 0.5019608 0.5019608 0.5019608 0.5019608 0.5019608 0.5019608 0.5019608 0.5019608 0.5019608 0.5019608 0.5019608 0.5019608 0.5019608 0.5019608 0.5019608 0.5019608 0.5019608 0.5019608 0.5019608 0.5019608 0.5019608 0.5019608 0.5019608 0.5019608 0.5019608 0.5019608 0.5019608 0.5019608 0.5019608 0.5019608 0.5019608 0.5019608 0.5019608 0.5019608 0.5019608 0.5019608 0.5019608 0.5019608 0.5019608 0.5019608 0.5019608 0.5019608 0.5019608 0.5019608 0.5019608 0.5019608 0.5019608 0.5019608 0.5019608 0.5019608 0.5019608 0.5019608 0.5019608 0.5019608 0.5019608 0.5019608 0.5019608 0.5019608 0.5019608 0.5019608 0.5019608 0.5019608 0.5019608 0.5019608 0.5019608 0.5019608 0.5019608 0.5019608 0.5019608 0.5019608 0.5019608 0.5019608 0.5019608 0.5019608 0.5019608 0.5019608 0.5019608 0.5019608 0.5019608 0.5019608 0.5019608 0.5019608 0.5019608 0.5019608 0.5019608 0.5019608 0.5019608 0.5019608 0.5019608 0.5019608 0.5019608 0.5019608 0.5019608 0.5019608 0.5019608 0.5019608 0.5019608 0.5019608 0.5019608</float_array>
          <technique_common>
            <accessor source="#geom-rpad_VIS_O_OBJShape-map0-array" count="175" stride="3">
              <param name="R" type="float"/>
              <param name="G" type="float"/>
              <param name="B" type="float"/>
            </accessor>
          </technique_common>
        </source>
        <source id="geom-rpad_VIS_O_OBJShape-map1">
          <float_array id="geom-rpad_VIS_O_OBJShape-map1-array" count="525">0.3410645 0.1166992 0 0.2587891 0.1972656 0 0.225708 0.1162109 0 0.2219238 0.7541504 0 0.2219238 0.990799 0 0.0869751 0.7541504 0 0.0869751 0.990799 0 0.08203125 0.7541504 0 0.08203125 0.990799 0 0.8037109 0.9598999 0 0.9853516 0.9598999 0 0.8037109 0.994339 0 0.9853516 0.994339 0 0.8037109 0.9085693 0 0.9853516 0.9085693 0 0.8037109 0.8736572 0 0.9853516 0.8736572 0 0.8037109 0.7773438 0 0.9853516 0.7773438 0 0.05218506 0.7541504 0 0.05218506 0.990799 0 0.04736328 0.7541504 0 0.04736328 0.990799 0 0.006752014 0.7541504 0 0.006752014 0.990799 0 0.2597656 0.03466797 0 0.3417969 9.76562e-4 0 0.2219238 0.2583008 0 0.2219238 0.5061035 0 0.0869751 0.2583008 0 0.0869751 0.5061035 0 0.08203125 0.5061035 0 0.2219238 0.01025391 0 0.0869751 0.01025391 0 0.08203125 0.2583008 0 0.05218506 0.2583008 0 0.05218506 0.5061035 0 0.05218506 0.01025391 0 0.08203125 0.01025391 0 0.04736328 0.01025391 0 0.04736328 0.2583008 0 0.6132813 0.9598999 0 0.6132813 0.994339 0 0.2325439 0.994339 0 0.2325439 0.9598999 0 0.4228516 0.994339 0 0.4228516 0.9598999 0 0.2325439 0.9085693 0 0.4228516 0.9085693 0 0.6132813 0.9085693 0 0.6132813 0.8736572 0 0.4228516 0.8736572 0 0.2325439 0.7773438 0 0.4228516 0.7773438 0 0.2325439 0.8736572 0 0.006752014 0.2583008 0 0.006752014 0.01025391 0 0.6132813 0.7773438 0 0.04736328 0.5061035 0 0.006752014 0.5061035 0 0.4230957 0.03564453 0 0.6118164 0.7663574 0 0.6118164 0.7524414 0 0.8032227 0.7663574 0 0.8032227 0.7524414 0 0.4216309 0.7663574 0 0.4216309 0.7524414 0 0.9936523 0.7663574 0 0.9936523 0.7524414 0 0.2288818 0.7524414 0 0.2288818 0.7663574 0 0.2670898 0.5224609 0 0.267334 0.2304687 0 0.2724609 0.5205078 0 0.2724609 0.2329102 0 0.262207 0.5246582 0 0.262207 0.2285156 0 0.4729004 0.7285156 0 0.470459 0.7333984 0 0.4750977 0.7233887 0 0.4731445 0.02441406 0 0.4753418 0.02978516 0 0.4707031 0.01953125 0 0.769043 0.7333984 0 0.7666016 0.7285156 0 0.7646484 0.7233887 0 0.7641602 0.02978516 0 0.7666016 0.02441406 0 0.769043 0.01953125 0 0.972168 0.2304687 0 0.9775391 0.2285156 0 0.9672852 0.2329102 0 0.9726563 0.5224609 0 0.9672852 0.5205078 0 0.9775391 0.5246582 0 0.6196289 0.3764648 0 0.9858398 0.5280762 0 0.9858398 0.2250977 0 0.7734375 0.7412109 0 0.7734375 0.01171875 0 0.4663086 0.01171875 0 0.4660645 0.7412109 0 0.2539062 0.2250977 0 0.2539062 0.5280762 0 -0.6586914 0.1166992 0 -0.7739258 0.1162109 0 -0.7407227 0.1972656 0 -0.9125977 0.990799 0 -0.777832 0.990799 0 -0.9125977 0.7541504 0 -0.777832 0.7541504 0 -0.9174805 0.990799 0 -0.9174805 0.7541504 0 -0.01425171 0.994339 0 -0.01425171 0.9598999 0 -0.1958008 0.994339 0 -0.1958008 0.9598999 0 -0.01425171 0.9085693 0 -0.1958008 0.9085693 0 -0.01425171 0.8736572 0 -0.1958008 0.8736572 0 -0.01425171 0.7773438 0 -0.1958008 0.7773438 0 -0.9477539 0.990799 0 -0.9477539 0.7541504 0 -0.9521484 0.990799 0 -0.9521484 0.7541504 0 -0.9931641 0.990799 0 -0.9931641 0.7541504 0 -0.7397461 0.03466797 0 -0.6577148 9.76562e-4 0 -0.9125977 0.5061035 0 -0.777832 0.5061035 0 -0.9125977 0.2583008 0 -0.777832 0.2583008 0 -0.9174805 0.5061035 0 -0.9125977 0.01025391 0 -0.777832 0.01025391 0 -0.9174805 0.2583008 0 -0.9477539 0.5061035 0 -0.9477539 0.2583008 0 -0.9174805 0.01025391 0 -0.9477539 0.01025391 0 -0.9521484 0.2583008 0 -0.9521484 0.01025391 0 -0.3862305 0.994339 0 -0.3862305 0.9598999 0 -0.5766602 0.9598999 0 -0.7670898 0.9598999 0 -0.5766602 0.994339 0 -0.7670898 0.994339 0 -0.7670898 0.9085693 0 -0.5766602 0.9085693 0 -0.3862305 0.9085693 0 -0.5766602 0.8736572 0 -0.3862305 0.8736572 0 -0.5766602 0.7773438 0 -0.7670898 0.8736572 0 -0.7670898 0.7773438 0 -0.9931641 0.01025391 0 -0.9931641 0.2583008 0 -0.3862305 0.7773438 0 -0.9931641 0.5061035 0 -0.9521484 0.5061035 0 -0.5766602 0.03564453 0 -0.3876953 0.7524414 0 -0.3876953 0.7663574 0 -0.1964111 0.7524414 0 -0.1964111 0.7663574 0 -0.578125 0.7663574 0 -0.578125 0.7524414 0 -0.006000519 0.7663574 0 -0.006000519 0.7524414 0 -0.7709961 0.7524414 0 -0.7709961 0.7663574 0</float_array>
          <technique_common>
            <accessor source="#geom-rpad_VIS_O_OBJShape-map1-array" count="175" stride="3">
              <param name="S" type="float"/>
              <param name="T" type="float"/>
              <param name="P" type="float"/>
            </accessor>
          </technique_common>
        </source>
        <source id="geom-rpad_VIS_O_OBJShape-map1-textangents">
          <float_array id="geom-rpad_VIS_O_OBJShape-map1-textangents-array" count="525">0.005106937 3.06729e-5 0.9999835 0.005966927 3.06989e-5 0.9999761 0.009453911 3.08047e-5 0.9999553 0.003353333 3.06197e-5 0.999994 0.004246947 3.06469e-5 0.999991 0.004267171 3.06475e-5 0.9999909 5.8777e-10 -0.7697404 -0.638357 -7.95271e-6 -0.5358931 -0.4651801 0.4245345 -0.7236899 -0.4245345 -0.2649489 -0.7236899 -0.58412 0.1499924 -0.3901988 -0.3290988 0.06631632 -0.3546563 -0.4803574 -0.05646553 -0.3352214 -0.3551237 0.4062256 -0.4679725 -0.09050449 0.638357 -0.7697404 5.8777e-10 0.443703 -0.3697543 -0.2644196 0.2008971 -0.4634425 -0.2009534 -0.09284783 -0.5179499 -0.3175934 -0.318097 -0.4464546 -0.5369155 0.5465253 -0.4035097 0.09050816 0.3551445 -0.3352553 0.05648631 0.58412 -0.7236899 0.2649489 0.4076399 -0.4257077 0.4076399 0.3511001 -0.5574701 0.1322816 0.2472178 -0.4031665 -0.1134272 0.3096593 -0.5151253 0.08101981 0.198884 -0.4680284 -0.1989966 0.06150928 -0.4316157 -0.2594591 -0.2924474 -0.3661931 -0.02507836 0.5177573 -0.3552906 -0.5177573 -0.1434968 -0.36684 -0.7562713 -0.1406362 -0.569598 -0.343591 0.8043906 -0.3901861 1.3677e-5 0.6699734 -0.3552906 0.3655412 0.02559943 -0.3747325 0.2929685 -0.5687921 -0.3903112 -0.5687921 -0.9238757 -6.33705e-4 2.84368e-4 -0.6725621 -0.02733259 -0.6340032 -0.9238725 -0.0383491 0.03821255 -0.6531514 9.93963e-5 -0.6533852 -0.9238571 6.52882e-4 -9.68057e-4 -0.7887917 0.1913418 0.5177709 -0.8768572 -0.1446831 0.4299007 -0.9238786 0.01507646 -0.05015226 -0.6036208 0.02104428 -0.7029418 -0.07025723 -0.02095959 -0.9238815 2.05505e-4 -1.48565e-4 -0.9238902 -0.901585 0.105222 0.4049778 -0.7262914 0.05010022 -0.5802714 -0.9238795 2.53767e-5 -1.23095e-5 -0.8723107 -0.1503001 0.4342524 1.24277e-5 2.53194e-5 -0.9238795 0.4049888 -0.1052187 -0.9015809 0.5186405 -0.1913354 -0.7879273 6.13908e-5 -1.0622e-4 -0.9239372 -0.6238669 -0.05959476 -0.6826839 -0.7430506 -0.1814404 0.5629012 0.04161694 -0.05979211 -0.9239388 0.4303463 0.145993 -0.8761354 0.5625289 0.1806909 -0.7439854 0.4342523 0.1503002 -0.8723107 0.6822309 -0.0595591 0.6245464 0.9237103 9.32951e-4 -3.82288e-4 0.6011617 0.06261354 0.705723 0.9238409 -6.34496e-4 9.81105e-4 1.54967e-5 -7.45336e-5 0.9240368 0.7430505 0.181441 -0.5629005 0.8116174 0.1879662 -0.4953056 -0.4950835 -0.1895847 0.8108213 6.12683e-4 3.25255e-4 0.9241236 -0.5625289 -0.1806909 0.7439854 0.5825399 0.6269929 -0.3112991 0.9079981 0.006265927 -0.3814291 0.7816526 0.2667826 -0.4295122 0.8983707 0.01518425 -0.3495418 0.1259529 0.8487781 -0.3074528 0.3417332 0.8531483 0.1624594 0.7037097 0.6135326 -0.1025764 0.9199594 -0.006263516 -0.3730426 0.9238792 -1.6516e-5 -0.3826834 0.8922898 -0.2520219 -0.2354792 0.6044521 0.3164098 -0.5363509 -6.76428e-4 0.8151619 -0.4952126 0.1046972 0.9162902 0.1048067 0.6937017 0.5020831 -9.41273e-4 0.8213159 0.3459761 -0.05247382 0.8989248 0.2426625 -0.226619 0.9132615 0.0149075 -0.334509 0.9016117 -0.005982706 -0.3989408 0.8802043 -0.01487741 -0.3950834 0.899172 -0.01514527 -0.3682154 0.9222048 0.006179571 -0.3679597 0.6883942 -0.6187357 -0.1242372 0.7448473 -0.4722591 -0.07129023 0.7075192 0.1523178 -0.4510373 0.8541936 -0.16385 -0.195638 0.6818881 -0.4067184 0.01965183 0.2352386 -0.8949171 0.04724613 0.5789866 -0.6229673 -0.3208683 0.7803101 -0.2677481 -0.4269071 0.6346562 -0.2640978 -0.5774512 0.6919797 -0.1911174 -0.3698677 0.1198551 -0.8083848 -0.4707448 0.4871828 -0.4206857 -0.1480113 0.9999835 3.06729e-5 0.005106937 0.9999553 3.08047e-5 0.009453911 0.9999761 3.06989e-5 0.005966927 0.999994 3.06197e-5 0.003353333 0.999991 3.06469e-5 0.004246947 0.9999909 3.06475e-5 0.004267171 -0.4803574 -0.3546563 0.06631629 -0.3551237 -0.3352214 -0.05646553 -0.4651801 -0.5358931 -7.95271e-6 -0.5369155 -0.4464546 -0.318097 -0.58412 -0.7236899 -0.2649489 -0.2009534 -0.4634425 0.2008971 -0.3175934 -0.5179499 -0.09284784 -0.2644196 -0.3697543 0.443703 -0.3290988 -0.3901988 0.1499924 -0.4245345 -0.7236899 0.4245345 -0.638357 -0.7697404 5.8777e-10 -0.09050449 -0.4679725 0.4062256 0.09050816 -0.4035097 0.5465253 0.08101981 -0.5151253 0.3096593 -0.1134272 -0.4031665 0.2472178 -0.1989966 -0.4680284 0.198884 -0.2594591 -0.4316157 0.06150928 -0.02507836 -0.3661931 -0.2924474 -0.5177573 -0.3552906 0.5177573 -0.7562713 -0.36684 -0.1434968 -0.343591 -0.569598 -0.1406362 1.3677e-5 -0.3901861 0.8043906 0.3655412 -0.3552906 0.6699734 0.2929685 -0.3747325 0.02559943 0.1322816 -0.5574701 0.3511001 0.05648631 -0.3352553 0.3551445 0.4076399 -0.4257077 0.4076399 0.2649489 -0.7236899 0.58412 5.8777e-10 -0.7697404 0.638357 -0.5687921 -0.3903112 -0.5687921 0.5618547 -0.1801263 -0.7451121 0.429981 -0.1462168 -0.8762548 -0.001205024 7.08318e-4 -0.9239094 0.5177291 0.1913741 -0.7887957 1.9477e-4 -5.61431e-4 -0.9238992 -0.6533852 9.93991e-5 -0.6531514 -0.6827177 -0.05961281 -0.623833 -0.6340032 -0.02733259 -0.6725621 0.03815275 -0.03834934 -0.9238749 0.4049727 0.1052235 -0.901587 -0.05015262 0.01507527 -0.9238787 -0.7029418 0.02104428 -0.6036208 -0.9238815 -0.02095965 -0.07025721 -0.9238902 -1.47099e-4 2.03623e-4 -0.923882 -4.86377e-6 2.41607e-4 -0.9238605 -0.06013176 0.04305776 -0.7879194 -0.1912687 0.5187264 -0.876151 0.1455477 0.4306483 -0.9015809 -0.1052187 0.4049888 -0.9238795 2.53194e-5 1.24277e-5 -0.5802714 0.05010022 -0.7262914 -1.23095e-5 2.53767e-5 -0.9238795 0.4342524 -0.1503001 -0.8723107 -0.8723107 0.1503002 0.4342523 -0.7440091 0.18049 0.5627543 0.001325659 -5.33577e-4 0.92402 0.5630925 -3.98811e-5 0.743733 8.39793e-4 -2.82278e-5 0.9241283 0.6827427 0.05942934 0.6240374 0.9237863 -3.20914e-5 0.127785 -0.4951871 0.1898679 0.8104866 -0.5618547 0.1801263 0.7451121 0.9239064 0.06007941 -0.04302067 0.8119748 -0.1877891 -0.4950487 0.7440091 -0.18049 -0.5627543</float_array>
          <technique_common>
            <accessor source="#geom-rpad_VIS_O_OBJShape-map1-textangents-array" count="175" stride="3">
              <param name="X" type="float"/>
              <param name="Y" type="float"/>
              <param name="Z" type="float"/>
            </accessor>
          </technique_common>
        </source>
        <source id="geom-rpad_VIS_O_OBJShape-map1-texbinormals">
          <float_array id="geom-rpad_VIS_O_OBJShape-map1-texbinormals-array" count="525">0.999987 3.03613e-5 -0.005106955 0.9999822 3.03349e-5 -0.005966964 0.9999553 3.02277e-5 -0.009453912 0.9999944 3.04151e-5 -0.003353335 0.999991 3.03877e-5 -0.004246948 0.9999909 3.03871e-5 -0.004267172 1 -1.9486e-5 2.34974e-5 1 -2.84759e-5 1.57085e-5 0.7071068 0 0.7071068 0.7929492 0.1796203 -0.5822098 0.7971311 -0.1797514 0.5764299 0.9938888 0.06554041 0.08882288 0.8376789 0.3243833 -0.4393968 0.09471015 -0.1091533 0.9895027 -2.34974e-5 -1.9486e-5 1 0.5793609 0.1185527 0.8064032 0.7071339 -6.24411e-5 0.7070797 0.9885238 -0.1287665 -0.07899309 0.807283 0.1197852 -0.5778804 -0.1062603 0.07841567 0.9912415 -0.4394251 -0.3243566 0.8376744 -0.5822098 -0.1796203 0.7929492 -0.7071068 0 0.7071068 -0.6030001 -0.1963006 0.7732121 0.1218901 -0.1988402 0.9724224 -0.06885447 0.1144812 0.9910364 0.7071599 -1.24983e-4 0.7070536 0.9926234 0.1038934 0.06248977 0.498299 -0.3434299 -0.7960867 0.7071068 0 0.7071068 0.9857386 -0.0734721 -0.1513979 0.768071 0.1809042 -0.6142806 -2.7088e-5 -2.07909e-5 1 -0.5209268 -0.1116273 0.846271 -0.7936184 0.3401604 0.504441 0.7071068 0 -0.7071068 7.80435e-6 -0.4188568 -0.9080523 0.4694256 0.7073604 -0.5284703 -0.05849781 0.7056468 -0.7061448 0.6420975 -0.419088 -0.6419315 3.12604e-5 -0.8149861 -0.5794805 -0.2812861 0.6780267 -0.679086 -0.3520851 -0.3918223 -0.8500067 0.05659336 0.2865265 -0.9563994 0.7311662 0.2861372 -0.6192911 0.9549295 0.2860969 -0.07910882 0.7051507 0.7090574 4.28312e-5 -0.3688115 0.2668018 -0.8903903 0.5441514 -0.4332175 -0.7184858 0 -0.4364353 -0.8997356 -0.3492007 -0.4090657 -0.8430446 0.8997356 -0.4364353 1.42185e-7 0.8903853 0.2668031 0.3688226 0.6770849 0.6803643 0.2804648 0.9075945 -0.4198479 1.08572e-4 0.4563178 -0.8200366 -0.3454186 -0.2334351 -0.7924065 -0.5635601 0.5691671 -0.8184561 0.07860283 0.8496006 -0.3929227 0.3518389 0.5630477 -0.7928508 0.2331627 0.8430446 -0.4090657 0.3492006 -0.3458439 0.8200403 0.4559889 -3.34829e-4 0.6447369 0.7644045 -0.6050583 0.6515379 0.4576056 -5.56648e-5 0.8149861 0.5794805 -0.5709357 0.8209948 7.57971e-5 0.2334344 0.7924063 0.5635606 0.3014362 0.6160676 0.7277341 -0.729122 0.6143697 -0.3015475 -0.7569766 0.653442 2.71881e-4 -0.5630477 0.7928508 -0.2331627 0.2336444 0.2495091 0.9397636 0.3871533 0.01567679 0.9218821 0.1653026 0.6743404 0.7196805 0.3625084 0.0060788 0.9319607 0.05128814 0.3333898 0.941393 0.6132592 -0.3777417 0.6937034 0.4123063 -0.330998 0.8487896 0.375825 0.01569172 0.9265578 0.3826836 -3.98731e-5 0.9238795 0.3605479 0.6837629 0.634408 -0.1645016 0.9194878 0.3570454 0.001565287 0.5192028 0.8546496 0.6970621 -0.1596029 0.6990217 0.5863152 -0.8100825 -8.78383e-4 0.3919673 -0.9100539 0.1347724 0.3464785 -0.6876135 0.6380755 0.3440276 -0.00708968 0.9389328 0.4044961 -0.01578717 0.9144035 0.4093888 -0.006876212 0.9123341 0.3790468 0.006499128 0.9253547 0.3706349 -0.01572591 0.9286455 0.4330153 0.3119586 0.8456829 0.539779 0.8327732 0.1229932 0.3220881 0.6206828 0.7148511 0.2862449 0.6179864 0.7322272 0.2180521 0.4084054 0.8863737 0.6668423 0.2129875 0.7141132 0.2409238 -0.2579927 0.9356257 0.1632196 -0.6736276 0.7208226 -0.1114762 -0.9443778 0.3093924 0.2420071 -0.5997845 0.7626868 0.07441489 -0.4935651 0.8665195 0.170082 -0.1459184 0.9745665 0.005106955 -3.03613e-5 -0.999987 0.009453912 -3.02277e-5 -0.9999553 0.005966964 -3.03349e-5 -0.9999822 0.003353335 -3.04151e-5 -0.9999944 0.004246948 -3.03877e-5 -0.999991 0.004267172 -3.03871e-5 -0.9999909 -0.08882289 -0.0655403 -0.9938888 0.4393968 -0.3243833 -0.8376789 -1.57085e-5 2.84759e-5 -1 0.5778804 -0.1197852 -0.807283 0.5822098 -0.1796203 -0.7929492 -0.7070797 6.24411e-5 -0.7071339 0.07899312 0.1287665 -0.9885238 -0.8064032 -0.1185527 -0.5793609 -0.5764299 0.1797514 -0.7971311 -0.7071068 0 -0.7071068 -2.34974e-5 1.9486e-5 -1 -0.9895027 0.1091533 -0.09471015 -0.9912415 -0.07841567 0.1062603 -0.9910364 -0.1144812 0.06885447 -0.9724224 0.1988402 -0.1218901 -0.7070536 1.24983e-4 -0.7071599 -0.06248977 -0.1038934 -0.9926234 0.7960867 0.3434299 -0.498299 -0.7071068 0 -0.7071068 0.1513979 0.0734721 -0.9857386 0.6142806 -0.1809042 -0.768071 -1 2.07909e-5 2.7088e-5 -0.846271 0.1116273 0.5209268 -0.504441 -0.3401604 0.7936184 -0.7732121 0.1963006 0.6030001 -0.8376744 0.3243566 0.4394251 -0.7071068 0 0.7071068 -0.7929492 0.1796203 0.5822098 -1 1.9486e-5 2.34974e-5 0.7071068 0 -0.7071068 0.5632063 0.7927744 0.2330395 0.8503278 0.3912222 0.351977 0.5674817 0.823386 -1.08895e-4 0.6791148 -0.6780161 0.2812424 0.9079594 0.4190581 -6.32421e-5 0.6419315 0.419088 -0.6420975 0.345618 0.8198059 -0.4565813 0.5284703 -0.7073604 -0.4694256 0.7056593 -0.7061362 0.05845239 0.8903926 -0.2668012 0.3688063 0.9563994 -0.2865266 -0.05659336 0.6192911 -0.2861372 -0.7311662 0.07910882 -0.2860969 -0.9549295 -4.28907e-5 -0.7080828 -0.7061294 -2.39625e-4 0.4192595 -0.9078664 -0.07979714 0.8131907 -0.5765009 -0.2805548 -0.6803861 -0.6770257 -0.352186 0.3930967 -0.8493762 -0.3688226 -0.2668031 -0.8903853 -1.42185e-7 0.4364353 -0.8997356 0.7184858 0.4332175 -0.5441514 0.8997356 0.4364353 0 0.8430446 0.4090657 0.3492007 -0.3492006 0.4090657 -0.8430446 -0.233394 0.792907 -0.5628728 -0.5674814 -0.8233862 3.3868e-4 -0.7972684 5.90953e-6 0.603625 -0.9999996 3.04898e-5 9.08741e-4 -0.3458049 -0.8198222 0.4564105 -0.1370227 -2.60481e-5 0.9905679 -0.7285034 -0.6154055 -0.3009299 -0.5632063 -0.7927744 -0.2330395 0.07972442 -0.8131955 0.5765043 0.3018933 -0.6149948 0.7284517 0.233394 -0.792907 0.5628728</float_array>
          <technique_common>
            <accessor source="#geom-rpad_VIS_O_OBJShape-map1-texbinormals-array" count="175" stride="3">
              <param name="X" type="float"/>
              <param name="Y" type="float"/>
              <param name="Z" type="float"/>
            </accessor>
          </technique_common>
        </source>
        <vertices id="geom-rpad_VIS_O_OBJShape-vertices">
          <input semantic="POSITION" source="#geom-rpad_VIS_O_OBJShape-positions"/>
        </vertices>
        <triangles material="def_pad_002" count="224">
          <input semantic="VERTEX" source="#geom-rpad_VIS_O_OBJShape-vertices" offset="0"/>
          <input semantic="NORMAL" source="#geom-rpad_VIS_O_OBJShape-normals" offset="1"/>
          <input semantic="COLOR" source="#geom-rpad_VIS_O_OBJShape-map0" offset="2" set="0"/>
          <input semantic="TEXCOORD" source="#geom-rpad_VIS_O_OBJShape-map1" offset="3" set="0"/>
          <input semantic="TEXTANGENT" source="#geom-rpad_VIS_O_OBJShape-map1-textangents" offset="4" set="1"/>
          <input semantic="TEXBINORMAL" source="#geom-rpad_VIS_O_OBJShape-map1-texbinormals" offset="4" set="1"/>
          <p>0 0 0 0 0 26 1 26 26 1 60 2 60 60 2 0 0 0 0 0 25 3 25 25 3 26 1 26 26 1 0 0 0 0 0 2 4 2 2 4 25 3 25 25 3 0 0 0 0 0 1 5 1 1 5 2 4 2 2 4 3 6 3 3 6 5 7 5 5 7 28 8 28 28 8 3 6 3 3 6 4 9 4 4 9 5 7 5 5 7 28 8 28 28 8 5 7 5 5 7 30 10 30 30 10 7 11 7 7 11 30 10 30 30 10 5 7 5 5 7 5 7 5 5 7 6 12 6 6 12 7 11 7 7 11 5 7 5 5 7 4 9 4 4 9 6 12 6 6 12 29 13 29 29 13 28 8 28 28 8 30 10 30 30 10 27 14 27 27 14 28 8 28 28 8 29 13 29 29 13 31 15 31 31 15 29 13 29 29 13 30 10 30 30 10 31 15 31 31 15 30 10 30 30 10 7 11 7 7 11 7 11 7 7 11 36 16 36 36 16 31 15 31 31 15 19 17 19 19 17 36 16 36 36 16 7 11 7 7 11 7 11 7 7 11 8 18 8 8 18 19 17 19 19 17 7 11 7 7 11 6 12 6 6 12 8 18 8 8 18 36 16 36 36 16 34 19 34 34 19 31 15 31 31 15 34 19 34 34 19 29 13 29 29 13 31 15 31 31 15 34 19 34 34 19 33 20 33 33 20 29 13 29 29 13 32 21 32 32 21 29 13 29 29 13 33 20 33 33 20 27 14 27 27 14 29 13 29 29 13 32 21 32 32 21 38 22 38 38 22 33 20 33 33 20 34 19 34 34 19 34 19 34 34 19 37 23 37 37 23 38 22 38 38 22 35 24 35 35 24 37 23 37 37 23 34 19 34 34 19 35 24 35 35 24 34 19 34 34 19 36 16 36 36 16 40 25 40 40 25 36 16 36 36 16 58 26 58 58 26 35 24 35 35 24 36 16 36 36 16 40 25 40 40 25 36 16 36 36 16 21 27 21 21 27 58 26 58 58 26 19 17 19 19 17 21 27 21 21 27 36 16 36 36 16 19 17 19 19 17 20 28 20 20 28 21 27 21 21 27 19 17 19 19 17 8 18 8 8 18 20 28 20 20 28 21 27 21 21 27 59 29 59 59 29 58 26 58 58 26 23 30 23 23 30 59 29 59 59 29 21 27 21 21 27 21 27 21 21 27 22 31 22 22 31 23 30 23 23 30 21 27 21 21 27 20 28 20 20 28 22 31 22 22 31 58 26 58 58 26 59 29 59 59 29 40 25 40 40 25 40 25 40 40 25 59 29 59 59 29 55 32 55 55 32 40 25 40 40 25 56 33 56 56 33 39 34 39 39 34 55 32 55 55 32 56 33 56 56 33 40 25 40 40 25 39 34 39 39 34 35 24 35 35 24 40 25 40 40 25 37 23 37 37 23 35 24 35 35 24 39 34 39 39 34 23 30 23 23 30 22 31 22 22 31 24 35 24 24 35 9 36 9 9 36 49 37 49 49 37 13 38 13 13 38 41 39 41 41 39 49 37 49 49 37 9 36 9 9 36 9 36 9 9 36 11 40 11 11 40 41 39 41 41 39 9 36 9 9 36 14 41 14 14 41 10 42 10 10 42 13 38 13 13 38 14 41 14 14 41 9 36 9 9 36 9 36 9 9 36 10 42 10 10 42 11 40 11 11 40 49 37 49 49 37 15 43 15 15 43 13 38 13 13 38 50 44 50 50 44 15 43 15 15 43 49 37 49 49 37 51 45 51 51 45 49 37 49 49 37 48 46 48 48 46 50 44 50 50 44 49 37 49 49 37 51 45 51 51 45 41 39 41 41 39 48 46 48 48 46 49 37 49 49 37 13 38 13 13 38 16 47 16 16 47 14 41 14 14 41 15 43 15 15 43 16 47 16 16 47 13 38 13 13 38 57 48 57 57 48 15 43 15 15 43 50 44 50 50 44 17 49 17 17 49 15 43 15 15 43 57 48 57 57 48 15 43 15 15 43 18 50 18 18 50 16 47 16 16 47 17 49 17 17 49 18 50 18 18 50 15 43 15 15 43 53 51 53 53 51 50 44 50 50 44 51 45 51 51 45 57 48 57 57 48 50 44 50 50 44 53 51 53 53 51 51 45 51 51 45 48 46 48 48 46 54 52 54 54 52 54 52 54 54 52 53 51 53 53 51 51 45 51 51 45 54 52 54 54 52 48 46 48 48 46 47 53 47 47 53 46 54 46 46 54 48 46 48 48 46 41 39 41 41 39 46 54 46 46 54 47 53 47 47 53 48 46 48 48 46 42 55 42 42 55 46 54 46 46 54 41 39 41 41 39 41 39 41 41 39 11 40 11 11 40 42 55 42 42 55 11 40 11 11 40 10 42 10 10 42 12 56 12 12 56 45 57 45 45 57 46 54 46 46 54 42 55 42 42 55 44 58 44 44 58 47 53 47 47 53 46 54 46 46 54 45 57 45 45 57 44 58 44 44 58 46 54 46 46 54 43 59 43 43 59 44 58 44 44 58 45 57 45 45 57 52 60 52 52 60 53 51 53 53 51 54 52 54 54 52 61 61 61 61 61 66 62 66 66 62 62 63 62 62 63 65 64 65 65 64 66 62 66 66 62 61 61 61 61 61 61 61 61 61 61 62 63 62 62 63 63 65 63 63 65 70 66 70 70 66 66 62 66 66 62 65 64 65 65 64 69 67 69 69 67 66 62 66 66 62 70 66 70 70 66 68 68 68 68 68 63 65 63 63 65 64 69 64 64 69 67 70 67 67 70 63 65 63 63 65 68 68 68 68 68 63 65 63 63 65 62 63 62 62 63 64 69 64 64 69 71 71 71 71 71 79 72 79 79 72 77 73 77 77 73 73 74 73 73 74 79 72 79 79 72 71 71 71 71 71 71 71 71 71 71 77 73 77 77 73 75 75 75 75 75 71 71 71 71 71 76 76 76 76 76 72 77 72 72 77 75 75 75 75 75 76 76 76 76 76 71 71 71 71 71 71 71 71 71 71 72 77 72 72 77 73 74 73 73 74 85 78 85 85 78 79 72 79 79 72 95 79 95 95 79 79 72 79 79 72 73 74 73 73 74 95 79 95 95 79 85 78 85 85 78 77 73 77 77 73 79 72 79 79 72 84 80 84 84 80 77 73 77 77 73 85 78 85 85 78 84 80 84 84 80 78 81 78 78 81 77 73 77 77 73 75 75 75 75 75 77 73 77 77 73 78 81 78 78 81 75 75 75 75 75 78 81 78 78 81 103 82 103 103 82 102 83 102 102 83 75 75 75 75 75 103 82 103 103 82 76 76 76 76 76 75 75 75 75 75 102 83 102 102 83 100 84 100 100 84 76 76 76 76 76 102 83 102 102 83 82 85 82 82 85 76 76 76 76 76 100 84 100 100 84 76 76 76 76 76 82 85 82 82 85 72 77 72 72 77 72 77 72 72 77 82 85 82 82 85 80 86 80 80 86 72 77 72 72 77 80 86 80 80 86 74 87 74 74 87 73 74 73 73 74 72 77 72 72 77 74 87 74 74 87 95 79 95 95 79 73 74 73 73 74 74 87 74 74 87 95 79 95 95 79 86 88 86 86 88 91 89 91 91 89 85 78 85 85 78 95 79 95 95 79 93 90 93 93 90 95 79 95 95 79 91 89 91 91 89 93 90 93 93 90 95 79 95 95 79 81 91 81 81 91 86 88 86 86 88 95 79 95 95 79 74 87 74 74 87 81 91 81 81 91 93 90 93 93 90 84 80 84 84 80 85 78 85 85 78 92 92 92 92 92 83 93 83 83 93 84 80 84 84 80 92 92 92 92 92 84 80 84 84 80 93 90 93 93 90 83 93 83 83 93 78 81 78 78 81 84 80 84 84 80 103 82 103 103 82 78 81 78 78 81 101 94 101 101 94 98 95 98 98 95 78 81 78 78 81 83 93 83 83 93 101 94 101 101 94 78 81 78 78 81 98 95 98 98 95 96 96 96 96 96 83 93 83 83 93 94 97 94 94 97 98 95 98 98 95 83 93 83 83 93 96 96 96 96 96 94 97 94 94 97 83 93 83 83 93 92 92 92 92 92 89 98 89 89 98 94 97 94 94 97 92 92 92 92 92 91 89 91 91 89 92 92 92 92 92 93 90 93 93 90 89 98 89 89 98 92 92 92 92 92 91 89 91 91 89 91 89 91 91 89 86 88 86 86 88 89 98 89 89 98 89 98 89 89 98 86 88 86 86 88 87 99 87 87 99 86 88 86 86 88 81 91 81 81 91 87 99 87 87 99 87 99 87 87 99 81 91 81 81 91 80 86 80 80 86 74 87 74 74 87 80 86 80 80 86 81 91 81 81 91 88 100 88 88 100 80 86 80 80 86 82 85 82 82 85 87 99 87 87 99 80 86 80 80 86 88 100 88 88 100 82 85 82 82 85 99 101 99 99 101 88 100 88 88 100 100 84 100 100 84 99 101 99 99 101 82 85 82 82 85 99 101 99 99 101 90 102 90 90 102 88 100 88 88 100 90 102 90 90 102 87 99 87 87 99 88 100 88 88 100 89 98 89 89 98 87 99 87 87 99 90 102 90 90 102 90 102 90 90 102 94 97 94 94 97 89 98 89 89 98 97 103 97 97 103 94 97 94 94 97 90 102 90 90 102 96 96 96 96 96 94 97 94 94 97 97 103 97 97 103 97 103 97 97 103 90 102 90 90 102 99 101 99 99 101 104 104 104 104 104 164 105 164 164 105 130 106 130 130 106 104 104 104 104 104 130 106 130 130 106 129 107 129 129 107 104 104 104 104 104 129 107 129 129 107 105 108 105 105 108 104 104 104 104 104 105 108 105 105 108 106 109 106 106 109 112 110 112 112 110 107 111 107 107 111 109 112 109 109 112 111 113 111 111 113 107 111 107 107 111 112 110 112 112 110 107 111 107 107 111 108 114 108 108 114 109 112 109 109 112 112 110 112 112 110 139 115 139 139 115 124 116 124 124 116 135 117 135 135 117 139 115 139 139 115 112 110 112 112 110 112 110 112 112 110 131 118 131 131 118 135 117 135 135 117 109 112 109 109 112 131 118 131 131 118 112 110 112 112 110 124 116 124 124 116 111 113 111 111 113 112 110 112 112 110 132 119 132 132 119 109 112 109 109 112 110 120 110 110 120 131 118 131 131 118 109 112 109 109 112 132 119 132 132 119 109 112 109 109 112 108 114 108 108 114 110 120 110 110 120 131 118 131 131 118 133 121 133 133 121 135 117 135 135 117 131 118 131 131 118 132 119 132 132 119 133 121 133 133 121 135 117 135 135 117 138 122 138 138 122 139 115 139 139 115 135 117 135 135 117 133 121 133 133 121 138 122 138 138 122 143 123 143 143 123 139 115 139 139 115 140 124 140 140 124 163 125 163 163 125 139 115 139 139 115 143 123 143 143 123 139 115 139 139 115 126 126 126 126 126 124 116 124 124 116 163 125 163 163 125 126 126 126 126 126 139 115 139 139 115 139 115 139 139 115 138 122 138 138 122 140 124 140 140 124 126 126 126 126 126 123 127 123 123 127 124 116 124 124 116 123 127 123 123 127 111 113 111 111 113 124 116 124 124 116 126 126 126 126 126 162 128 162 162 128 128 129 128 128 129 163 125 163 163 125 162 128 162 162 128 126 126 126 126 126 128 129 128 128 129 125 130 125 125 130 126 126 126 126 126 125 130 125 125 130 123 127 123 123 127 126 126 126 126 126 143 123 143 143 123 162 128 162 162 128 163 125 163 163 125 160 131 160 160 131 162 128 162 162 128 143 123 143 143 123 143 123 143 143 123 159 132 159 159 132 160 131 160 160 131 144 133 144 144 133 159 132 159 159 132 143 123 143 143 123 143 123 143 143 123 140 124 140 140 124 144 133 144 144 133 144 133 144 144 133 140 124 140 140 124 142 134 142 142 134 138 122 138 138 122 142 134 142 142 134 140 124 140 140 124 138 122 138 138 122 136 135 136 136 135 141 136 141 141 136 133 121 133 133 121 136 135 136 136 135 138 122 138 138 122 141 136 141 141 136 142 134 142 142 134 138 122 138 138 122 137 137 137 137 137 133 121 133 133 121 134 138 134 134 138 136 135 136 136 135 133 121 133 133 121 137 137 137 137 137 133 121 133 133 121 132 119 132 132 119 134 138 134 134 138 127 139 127 127 139 125 130 125 125 130 128 129 128 128 129 113 140 113 113 140 114 141 114 114 141 115 142 115 115 142 114 141 114 114 141 117 143 117 117 143 116 144 116 116 144 115 142 115 115 142 114 141 114 114 141 116 144 116 116 144 146 145 146 146 145 115 142 115 115 142 116 144 116 116 144 145 146 145 145 146 115 142 115 115 142 146 145 146 146 145 116 144 116 116 144 153 147 153 153 147 146 145 146 146 145 118 148 118 118 148 153 147 153 153 147 116 144 116 116 144 116 144 116 116 144 117 143 117 117 143 118 148 118 118 148 117 143 117 117 143 119 149 119 119 149 118 148 118 118 148 118 148 118 118 148 120 150 120 120 150 153 147 153 153 147 118 148 118 118 148 119 149 119 119 149 120 150 120 120 150 153 147 153 153 147 120 150 120 120 150 155 151 155 155 151 154 152 154 154 152 153 147 153 153 147 155 151 155 155 151 152 153 152 152 153 153 147 153 153 147 154 152 154 154 152 153 147 153 153 147 152 153 152 152 153 146 145 146 146 145 146 145 146 146 145 152 153 152 152 153 147 154 147 147 154 146 145 146 146 145 147 154 147 147 154 145 146 145 145 146 145 146 145 145 146 147 154 147 147 154 149 155 149 149 155 151 156 151 151 156 147 154 147 147 154 152 153 152 152 153 148 157 148 148 157 147 154 147 147 154 151 156 151 151 156 147 154 147 147 154 148 157 148 148 157 149 155 149 149 155 157 158 157 157 158 152 153 152 152 153 154 152 154 154 152 151 156 151 151 156 152 153 152 152 153 157 158 157 157 158 154 152 154 154 152 155 151 155 155 151 156 159 156 156 159 154 152 154 154 152 156 159 156 156 159 157 158 157 157 158 156 159 156 156 159 155 151 155 155 151 161 160 161 161 160 155 151 155 155 151 120 150 120 120 150 161 160 161 161 160 161 160 161 161 160 120 150 120 120 150 122 161 122 122 161 120 150 120 120 150 121 162 121 121 162 122 161 122 122 161 119 149 119 119 149 121 162 121 121 162 120 150 120 120 150 157 158 157 157 158 156 159 156 156 159 158 163 158 158 163 149 155 149 149 155 148 157 148 148 157 150 164 150 150 164 169 165 169 169 165 165 166 165 165 166 170 167 170 170 167 166 168 166 166 168 165 166 165 165 166 169 165 169 169 165 165 166 165 165 166 166 168 166 166 168 167 169 167 167 169 169 165 169 169 165 173 170 173 173 170 174 171 174 174 171 170 167 170 170 167 173 170 173 173 170 169 165 169 169 165 168 172 168 168 172 172 173 172 172 173 167 169 167 167 169 167 169 167 167 169 166 168 166 166 168 168 172 168 168 172 171 174 171 171 174 172 173 172 172 173 168 172 168 168 172</p>
        </triangles>
      </mesh>
    </geometry>
  </library_geometries>
  <library_controllers>
    <controller id="geom-lpad_VIS_O_OBJShape-skin1">
      <skin source="#geom-lpad_VIS_O_OBJShape">
        <bind_shape_matrix>1 0 0 0 0 1 0 0 0 0 1 0 0 0 0 1</bind_shape_matrix>
        <source id="geom-lpad_VIS_O_OBJShape-skin1-joints">
          <Name_array id="geom-lpad_VIS_O_OBJShape-skin1-joints-array" count="4">joint0 joint1 joint2 joint3</Name_array>
          <technique_common>
            <accessor source="#geom-lpad_VIS_O_OBJShape-skin1-joints-array" count="4" stride="1">
              <param name="JOINT" type="name"/>
            </accessor>
          </technique_common>
        </source>
        <source id="geom-lpad_VIS_O_OBJShape-skin1-bind_poses">
          <float_array id="geom-lpad_VIS_O_OBJShape-skin1-bind_poses-array" count="64">1 0 0 0 0 1 0 0 0 0 1 0 0 0 0 1 1 0 0 0 0 1 0 0 0 0 1 0 0 0 0 1 1 0 0 0 0 1 0 0 0 0 1 -9.74131 0 0 0 1 1 0 0 0 0 1 0 0 0 0 1 9.74131 0 0 0 1</float_array>
          <technique_common>
            <accessor source="#geom-lpad_VIS_O_OBJShape-skin1-bind_poses-array" count="4" stride="16">
              <param name="TRANSFORM" type="float4x4"/>
            </accessor>
          </technique_common>
        </source>
        <source id="geom-lpad_VIS_O_OBJShape-skin1-weights">
          <float_array id="geom-lpad_VIS_O_OBJShape-skin1-weights-array" count="1">1</float_array>
          <technique_common>
            <accessor source="#geom-lpad_VIS_O_OBJShape-skin1-weights-array" count="1" stride="1">
              <param name="WEIGHT" type="float"/>
            </accessor>
          </technique_common>
        </source>
        <joints>
          <input semantic="JOINT" source="#geom-lpad_VIS_O_OBJShape-skin1-joints"/>
          <input semantic="INV_BIND_MATRIX" source="#geom-lpad_VIS_O_OBJShape-skin1-bind_poses"/>
        </joints>
        <vertex_weights count="175">
          <input semantic="JOINT" source="#geom-lpad_VIS_O_OBJShape-skin1-joints" offset="0"/>
          <input semantic="WEIGHT" source="#geom-lpad_VIS_O_OBJShape-skin1-weights" offset="1"/>
          <vcount>1 1 1 1 1 1 1 1 1 1 1 1 1 1 1 1 1 1 1 1 1 1 1 1 1 1 1 1 1 1 1 1 1 1 1 1 1 1 1 1 1 1 1 1 1 1 1 1 1 1 1 1 1 1 1 1 1 1 1 1 1 1 1 1 1 1 1 1 1 1 1 1 1 1 1 1 1 1 1 1 1 1 1 1 1 1 1 1 1 1 1 1 1 1 1 1 1 1 1 1 1 1 1 1 1 1 1 1 1 1 1 1 1 1 1 1 1 1 1 1 1 1 1 1 1 1 1 1 1 1 1 1 1 1 1 1 1 1 1 1 1 1 1 1 1 1 1 1 1 1 1 1 1 1 1 1 1 1 1 1 1 1 1 1 1 1 1 1 1 1 1 1 1 1 1</vcount>
          <v>1 0 1 0 1 0 1 0 1 0 1 0 1 0 1 0 1 0 1 0 1 0 1 0 1 0 1 0 1 0 1 0 1 0 1 0 1 0 1 0 1 0 1 0 1 0 1 0 1 0 1 0 1 0 1 0 1 0 1 0 1 0 1 0 1 0 1 0 1 0 1 0 1 0 1 0 1 0 1 0 1 0 1 0 1 0 1 0 1 0 1 0 1 0 1 0 1 0 1 0 1 0 1 0 1 0 1 0 1 0 1 0 1 0 1 0 1 0 1 0 1 0 1 0 1 0 1 0 1 0 1 0 1 0 1 0 1 0 1 0 1 0 1 0 1 0 1 0 1 0 1 0 1 0 1 0 1 0 1 0 1 0 1 0 1 0 1 0 1 0 1 0 1 0 1 0 1 0 1 0 1 0 1 0 1 0 1 0 1 0 1 0 1 0 1 0 1 0 1 0 1 0 1 0 1 0 1 0 1 0 1 0 1 0 1 0 1 0 1 0 1 0 1 0 1 0 1 0 1 0 1 0 1 0 1 0 1 0 1 0 1 0 1 0 1 0 1 0 1 0 1 0 1 0 1 0 1 0 1 0 1 0 1 0 1 0 1 0 1 0 1 0 1 0 1 0 1 0 1 0 1 0 1 0 1 0 1 0 1 0 1 0 1 0 1 0 1 0 1 0 1 0 1 0 1 0 1 0 1 0 1 0 1 0 1 0 1 0 1 0 1 0 1 0 1 0 1 0 1 0 1 0 1 0 1 0 1 0 1 0 1 0 1 0 1 0 1 0 1 0</v>
        </vertex_weights>
      </skin>
    </controller>
    <controller id="geom-rpad_VIS_O_OBJShape-skin1">
      <skin source="#geom-rpad_VIS_O_OBJShape">
        <bind_shape_matrix>1 0 0 0 0 1 0 0 0 0 1 0 0 0 0 1</bind_shape_matrix>
        <source id="geom-rpad_VIS_O_OBJShape-skin1-joints">
          <Name_array id="geom-rpad_VIS_O_OBJShape-skin1-joints-array" count="4">joint0 joint1 joint2 joint3</Name_array>
          <technique_common>
            <accessor source="#geom-rpad_VIS_O_OBJShape-skin1-joints-array" count="4" stride="1">
              <param name="JOINT" type="name"/>
            </accessor>
          </technique_common>
        </source>
        <source id="geom-rpad_VIS_O_OBJShape-skin1-bind_poses">
          <float_array id="geom-rpad_VIS_O_OBJShape-skin1-bind_poses-array" count="64">1 0 0 0 0 1 0 0 0 0 1 0 0 0 0 1 1 0 0 0 0 1 0 0 0 0 1 0 0 0 0 1 1 0 0 0 0 1 0 0 0 0 1 -9.74131 0 0 0 1 1 0 0 0 0 1 0 0 0 0 1 9.74131 0 0 0 1</float_array>
          <technique_common>
            <accessor source="#geom-rpad_VIS_O_OBJShape-skin1-bind_poses-array" count="4" stride="16">
              <param name="TRANSFORM" type="float4x4"/>
            </accessor>
          </technique_common>
        </source>
        <source id="geom-rpad_VIS_O_OBJShape-skin1-weights">
          <float_array id="geom-rpad_VIS_O_OBJShape-skin1-weights-array" count="1">1</float_array>
          <technique_common>
            <accessor source="#geom-rpad_VIS_O_OBJShape-skin1-weights-array" count="1" stride="1">
              <param name="WEIGHT" type="float"/>
            </accessor>
          </technique_common>
        </source>
        <joints>
          <input semantic="JOINT" source="#geom-rpad_VIS_O_OBJShape-skin1-joints"/>
          <input semantic="INV_BIND_MATRIX" source="#geom-rpad_VIS_O_OBJShape-skin1-bind_poses"/>
        </joints>
        <vertex_weights count="175">
          <input semantic="JOINT" source="#geom-rpad_VIS_O_OBJShape-skin1-joints" offset="0"/>
          <input semantic="WEIGHT" source="#geom-rpad_VIS_O_OBJShape-skin1-weights" offset="1"/>
          <vcount>1 1 1 1 1 1 1 1 1 1 1 1 1 1 1 1 1 1 1 1 1 1 1 1 1 1 1 1 1 1 1 1 1 1 1 1 1 1 1 1 1 1 1 1 1 1 1 1 1 1 1 1 1 1 1 1 1 1 1 1 1 1 1 1 1 1 1 1 1 1 1 1 1 1 1 1 1 1 1 1 1 1 1 1 1 1 1 1 1 1 1 1 1 1 1 1 1 1 1 1 1 1 1 1 1 1 1 1 1 1 1 1 1 1 1 1 1 1 1 1 1 1 1 1 1 1 1 1 1 1 1 1 1 1 1 1 1 1 1 1 1 1 1 1 1 1 1 1 1 1 1 1 1 1 1 1 1 1 1 1 1 1 1 1 1 1 1 1 1 1 1 1 1 1 1</vcount>
          <v>1 0 1 0 1 0 1 0 1 0 1 0 1 0 1 0 1 0 1 0 1 0 1 0 1 0 1 0 1 0 1 0 1 0 1 0 1 0 1 0 1 0 1 0 1 0 1 0 1 0 1 0 1 0 1 0 1 0 1 0 1 0 1 0 1 0 1 0 1 0 1 0 1 0 1 0 1 0 1 0 1 0 1 0 1 0 1 0 1 0 1 0 1 0 1 0 1 0 1 0 1 0 1 0 1 0 1 0 1 0 1 0 1 0 1 0 1 0 1 0 1 0 1 0 1 0 1 0 1 0 1 0 1 0 1 0 1 0 1 0 1 0 1 0 1 0 1 0 1 0 1 0 1 0 1 0 1 0 1 0 1 0 1 0 1 0 1 0 1 0 1 0 1 0 1 0 1 0 1 0 1 0 1 0 1 0 1 0 1 0 1 0 1 0 1 0 1 0 1 0 1 0 1 0 1 0 1 0 1 0 1 0 1 0 1 0 1 0 1 0 1 0 1 0 1 0 1 0 1 0 1 0 1 0 1 0 1 0 1 0 1 0 1 0 1 0 1 0 1 0 1 0 1 0 1 0 1 0 1 0 1 0 1 0 1 0 1 0 1 0 1 0 1 0 1 0 1 0 1 0 1 0 1 0 1 0 1 0 1 0 1 0 1 0 1 0 1 0 1 0 1 0 1 0 1 0 1 0 1 0 1 0 1 0 1 0 1 0 1 0 1 0 1 0 1 0 1 0 1 0 1 0 1 0 1 0 1 0 1 0 1 0 1 0 1 0 1 0 1 0</v>
        </vertex_weights>
      </skin>
    </controller>
  </library_controllers>
  <library_lights>
    <light id="EnvironmentAmbientLight" name="EnvironmentAmbientLight">
      <technique_common>
        <ambient>
          <color>0 0 0</color>
        </ambient>
      </technique_common>
    </light>
  </library_lights>
  <library_images>
    <image id="def_pad_001_col_png">
      <init_from>./Textures/Shock%20Spring%20Pad/def_pad_001_col.png</init_from>
    </image>
  </library_images>
  <library_visual_scenes>
    <visual_scene id="MaxScene">
      <node name="EnvironmentAmbientLight">
        <instance_light url="#EnvironmentAmbientLight"/>
      </node>
      <node id="node-Trans" name="Trans" sid="joint0" type="JOINT">
        <matrix>1 0 0 0 0 1 0 0 0 0 1 0 0 0 0 1</matrix>
        <node id="node-Rot" name="Rot" sid="joint1" type="JOINT">
          <matrix>1 0 0 0 0 1 0 0 0 0 1 0 0 0 0 1</matrix>
          <node id="node-Pad1" name="Pad1" sid="joint2" type="JOINT">
            <matrix>1 0 0 0 0 1 0 0 0 0 1 9.74131 0 0 0 1</matrix>
            <extra>
              <technique profile="OpenCOLLADA">
                <cast_shadows sid="cast_shadows" type="bool">1</cast_shadows>
                <receive_shadows sid="receive_shadows" type="bool">1</receive_shadows>
                <primary_visibility sid="primary_visibility" type="bool">1</primary_visibility>
                <secondary_visibility sid="secondary_visibility" type="bool">1</secondary_visibility>
              </technique>
            </extra>
          </node>
          <node id="node-Pad2" name="Pad2" sid="joint3" type="JOINT">
            <matrix>1 0 0 0 0 1 0 0 0 0 1 -9.74131 0 0 0 1</matrix>
            <extra>
              <technique profile="OpenCOLLADA">
                <cast_shadows sid="cast_shadows" type="bool">1</cast_shadows>
                <receive_shadows sid="receive_shadows" type="bool">1</receive_shadows>
                <primary_visibility sid="primary_visibility" type="bool">1</primary_visibility>
                <secondary_visibility sid="secondary_visibility" type="bool">1</secondary_visibility>
              </technique>
            </extra>
          </node>
          <extra>
            <technique profile="OpenCOLLADA">
              <cast_shadows sid="cast_shadows" type="bool">1</cast_shadows>
              <receive_shadows sid="receive_shadows" type="bool">1</receive_shadows>
              <primary_visibility sid="primary_visibility" type="bool">1</primary_visibility>
              <secondary_visibility sid="secondary_visibility" type="bool">1</secondary_visibility>
            </technique>
          </extra>
        </node>
        <extra>
          <technique profile="OpenCOLLADA">
            <cast_shadows sid="cast_shadows" type="bool">1</cast_shadows>
            <receive_shadows sid="receive_shadows" type="bool">1</receive_shadows>
            <primary_visibility sid="primary_visibility" type="bool">1</primary_visibility>
            <secondary_visibility sid="secondary_visibility" type="bool">1</secondary_visibility>
          </technique>
        </extra>
      </node>
      <node id="node-lpad_VIS_O_OBJShape" name="lpad_VIS_O_OBJShape">
        <instance_controller url="#geom-lpad_VIS_O_OBJShape-skin1">
          <skeleton>#node-Trans</skeleton>
          <bind_material>
            <technique_common>
              <instance_material symbol="def_pad_001" target="#def_pad_001-material">
                <bind_vertex_input semantic="CHANNEL1" input_semantic="TEXCOORD" input_set="0"/>
                <bind_vertex_input semantic="CHANNEL1" input_semantic="TEXCOORD" input_set="0"/>
              </instance_material>
            </technique_common>
          </bind_material>
        </instance_controller>
        <extra>
          <technique profile="OpenCOLLADA">
            <cast_shadows sid="cast_shadows" type="bool">1</cast_shadows>
            <receive_shadows sid="receive_shadows" type="bool">1</receive_shadows>
            <primary_visibility sid="primary_visibility" type="bool">1</primary_visibility>
            <secondary_visibility sid="secondary_visibility" type="bool">1</secondary_visibility>
          </technique>
        </extra>
      </node>
      <node id="node-rpad_VIS_O_OBJShape" name="rpad_VIS_O_OBJShape">
        <instance_controller url="#geom-rpad_VIS_O_OBJShape-skin1">
          <skeleton>#node-Trans</skeleton>
          <bind_material>
            <technique_common>
              <instance_material symbol="def_pad_002" target="#def_pad_002-material">
                <bind_vertex_input semantic="CHANNEL1" input_semantic="TEXCOORD" input_set="0"/>
                <bind_vertex_input semantic="CHANNEL1" input_semantic="TEXCOORD" input_set="0"/>
              </instance_material>
            </technique_common>
          </bind_material>
        </instance_controller>
        <extra>
          <technique profile="OpenCOLLADA">
            <cast_shadows sid="cast_shadows" type="bool">1</cast_shadows>
            <receive_shadows sid="receive_shadows" type="bool">1</receive_shadows>
            <primary_visibility sid="primary_visibility" type="bool">1</primary_visibility>
            <secondary_visibility sid="secondary_visibility" type="bool">1</secondary_visibility>
          </technique>
        </extra>
      </node>
    </visual_scene>
  </library_visual_scenes>
  <scene>
    <instance_visual_scene url="#MaxScene"/>
  </scene>
</COLLADA>