{"cameraMode":{"drawMode":0,"name":"Shaded","section":"Shading Mode"},"sceneLighting":false,"audioPlay":false,"sceneViewState":{"m_AlwaysRefresh":false,"showFog":true,"showSkybox":false,"showFlares":true,"showImageEffects":true,"showParticleSystems":true,"showVisualEffectGraphs":true,"m_FxEnabled":true},"in2DMode":false,"pivot":{"x":0.33134040236473086,"y":0.8688027858734131,"z":0.3330773711204529},"rotation":{"x":-0.027159614488482477,"y":-0.9679301977157593,"z":0.12054474651813507,"w":-0.2181830257177353},"size":0.14508557319641114,"orthographic":false}