{"cameraMode":{"drawMode":0,"name":"Shaded","section":"Shading Mode"},"sceneLighting":false,"audioPlay":false,"sceneViewState":{"m_AlwaysRefresh":false,"showFog":true,"showSkybox":false,"showFlares":true,"showImageEffects":true,"showParticleSystems":true,"showVisualEffectGraphs":true,"m_FxEnabled":true},"in2DMode":false,"pivot":{"x":-0.01992902159690857,"y":0.011414974927902222,"z":-0.02153065800666809},"rotation":{"x":0.1599925309419632,"y":-0.1386045515537262,"z":0.02306721732020378,"w":0.9768028259277344},"size":0.43580225110054018,"orthographic":false}